anio,MeetCountry,n_mujeres_pais_anio,n_hombres_pais_anio,n_total_pais_anio,pct_participacion_femenina
1964,Japan,0,18,18,0.0
1964,USA,0,21,21,0.0
1965,USA,0,45,45,0.0
1966,Germany,0,9,9,0.0
1966,UK,0,21,21,0.0
1966,USA,0,41,41,0.0
1967,England,0,22,22,0.0
1967,UK,0,28,28,0.0
1967,USA,0,44,44,0.0
1968,Australia,0,25,25,0.0
1968,Israel,0,28,28,0.0
1968,UK,0,17,17,0.0
1968,USA,0,38,38,0.0
1969,UK,0,16,16,0.0
1969,USA,0,41,41,0.0
1970,UK,0,30,30,0.0
1970,USA,0,64,64,0.0
1971,Finland,0,22,22,0.0
1971,Iceland,0,18,18,0.0
1971,UK,0,23,23,0.0
1971,USA,0,88,88,0.0
1972,England,0,6,6,0.0
1972,Finland,0,60,60,0.0
1972,Germany,0,46,46,0.0
1972,Iceland,0,21,21,0.0
1972,UK,0,21,21,0.0
1972,USA,0,103,103,0.0
1973,Iceland,0,19,19,0.0
1973,UK,0,22,22,0.0
1973,USA,0,126,126,0.0
1974,Finland,0,53,53,0.0
1974,Iceland,0,3,3,0.0
1974,Norway,0,314,314,0.0
1974,UK,0,23,23,0.0
1974,USA,0,132,132,0.0
1975,England,0,82,82,0.0
1975,Finland,0,144,144,0.0
1975,Iceland,0,13,13,0.0
1975,Norway,0,167,167,0.0
1975,Puerto Rico,0,33,33,0.0
1975,UK,0,30,30,0.0
1975,USA,8,68,76,10.53
1976,Canada,0,43,43,0.0
1976,England,0,200,200,0.0
1976,Finland,0,166,166,0.0
1976,Iceland,0,7,7,0.0
1976,New Zealand,0,54,54,0.0
1976,Norway,0,59,59,0.0
1976,Scotland,0,47,47,0.0
1976,Sweden,0,11,11,0.0
1976,UK,0,90,90,0.0
1976,USA,0,130,130,0.0
1976,Venezuela,0,25,25,0.0
1977,Australia,43,494,537,8.01
1977,East Germany,0,4,4,0.0
1977,Finland,0,128,128,0.0
1977,Iceland,0,12,12,0.0
1977,New Zealand,0,18,18,0.0
1977,Norway,1,93,94,1.06
1977,Papua New Guinea,0,5,5,0.0
1977,Sweden,0,31,31,0.0
1977,UK,0,48,48,0.0
1977,USA,27,242,269,10.04
1978,England,0,64,64,0.0
1978,Finland,0,312,312,0.0
1978,Iceland,0,50,50,0.0
1978,Norway,9,78,87,10.34
1978,UK,0,30,30,0.0
1978,USA,76,151,227,33.48
1979,Canada,0,140,140,0.0
1979,Finland,0,191,191,0.0
1979,Germany,3,27,30,10.0
1979,Iceland,0,124,124,0.0
1979,Italy,11,44,55,20.0
1979,Norway,4,52,56,7.14
1979,Sweden,0,79,79,0.0
1979,UK,0,52,52,0.0
1979,USA,54,2420,2474,2.18
1980,Australia,24,49,73,32.88
1980,Canada,30,268,298,10.07
1980,England,0,28,28,0.0
1980,Finland,0,282,282,0.0
1980,Germany,19,144,163,11.66
1980,Iceland,0,46,46,0.0
1980,Italy,12,81,93,12.9
1980,Japan,26,103,129,20.16
1980,Netherlands,0,90,90,0.0
1980,Norway,11,110,121,9.09
1980,South Africa,0,34,34,0.0
1980,Sweden,0,82,82,0.0
1980,Switzerland,0,78,78,0.0
1980,UK,0,36,36,0.0
1980,USA,933,17590,18523,5.04
1981,Argentina,0,23,23,0.0
1981,Australia,18,97,115,15.65
1981,Canada,24,243,267,8.99
1981,Colombia,0,47,47,0.0
1981,Czechia,0,53,53,0.0
1981,England,34,93,127,26.77
1981,Finland,0,282,282,0.0
1981,Germany,4,44,48,8.33
1981,Iceland,0,104,104,0.0
1981,India,0,101,101,0.0
1981,Italy,21,225,246,8.54
1981,Japan,17,80,97,17.53
1981,New Zealand,0,68,68,0.0
1981,Norway,32,370,402,7.96
1981,Panama,2,35,37,5.41
1981,South Africa,0,27,27,0.0
1981,Sweden,0,113,113,0.0
1981,UK,26,112,138,18.84
1981,USA,1312,18331,19643,6.68
1981,West Germany,10,77,87,11.49
1982,Argentina,0,14,14,0.0
1982,Australia,32,65,97,32.99
1982,Belgium,19,27,46,41.3
1982,Brazil,16,66,82,19.51
1982,Canada,94,263,357,26.33
1982,Colombia,0,38,38,0.0
1982,Czechia,0,42,42,0.0
1982,England,77,336,413,18.64
1982,Finland,22,269,291,7.56
1982,France,10,44,54,18.52
1982,Germany,0,137,137,0.0
1982,Iceland,1,88,89,1.12
1982,Indonesia,0,47,47,0.0
1982,Italy,19,129,148,12.84
1982,Japan,45,68,113,39.82
1982,New Zealand,0,25,25,0.0
1982,Norway,48,454,502,9.56
1982,Panama,6,93,99,6.06
1982,Scotland,2,47,49,4.08
1982,South Africa,0,15,15,0.0
1982,Spain,5,34,39,12.82
1982,Sweden,0,86,86,0.0
1982,UK,26,118,144,18.06
1982,USA,1776,19816,21592,8.23
1982,West Germany,71,350,421,16.86
1983,Australia,73,76,149,48.99
1983,Bahamas,3,24,27,11.11
1983,Belgium,0,20,20,0.0
1983,Brazil,21,0,21,100.0
1983,Canada,83,444,527,15.75
1983,Czechia,0,31,31,0.0
1983,England,31,595,626,4.95
1983,Finland,69,429,498,13.86
1983,Germany,52,0,52,100.0
1983,Iceland,0,97,97,0.0
1983,Indonesia,0,119,119,0.0
1983,Ireland,11,111,122,9.02
1983,Italy,21,192,213,9.86
1983,Japan,45,169,214,21.03
1983,Netherlands,0,29,29,0.0
1983,New Zealand,19,68,87,21.84
1983,Norway,17,117,134,12.69
1983,Panama,27,169,196,13.78
1983,Philippines,3,39,42,7.14
1983,Puerto Rico,0,8,8,0.0
1983,Scotland,1,104,105,0.95
1983,Spain,4,41,45,8.89
1983,Sweden,0,232,232,0.0
1983,Turkey,4,34,38,10.53
1983,UK,98,712,810,12.1
1983,USA,2303,20857,23160,9.94
1983,Wales,3,17,20,15.0
1983,West Germany,98,435,533,18.39
1984,Argentina,0,32,32,0.0
1984,Australia,37,231,268,13.81
1984,Belgium,0,16,16,0.0
1984,Brazil,0,86,86,0.0
1984,Canada,67,299,366,18.31
1984,England,21,433,454,4.63
1984,Finland,23,276,299,7.69
1984,France,69,0,69,100.0
1984,Germany,9,27,36,25.0
1984,Iceland,0,56,56,0.0
1984,Indonesia,0,31,31,0.0
1984,Italy,10,197,207,4.83
1984,Japan,47,92,139,33.81
1984,Malaysia,6,40,46,13.04
1984,Netherlands,0,77,77,0.0
1984,New Zealand,11,35,46,23.91
1984,Norway,8,118,126,6.35
1984,Panama,20,55,75,26.67
1984,Philippines,5,62,67,7.46
1984,Scotland,0,39,39,0.0
1984,South Korea,0,37,37,0.0
1984,Sweden,0,75,75,0.0
1984,UK,66,681,747,8.84
1984,USA,2554,23615,26169,9.76
1984,West Germany,81,314,395,20.51
1985,Australia,43,95,138,31.16
1985,Austria,106,0,106,100.0
1985,Belgium,18,63,81,22.22
1985,Brazil,22,77,99,22.22
1985,Canada,7,268,275,2.55
1985,England,5,269,274,1.82
1985,Finland,18,386,404,4.46
1985,Germany,7,262,269,2.6
1985,Iceland,23,165,188,12.23
1985,Japan,34,68,102,33.33
1985,Netherlands,66,133,199,33.17
1985,New Zealand,9,40,49,18.37
1985,Norway,44,299,343,12.83
1985,Peru,30,0,30,100.0
1985,Philippines,8,24,32,25.0
1985,Saudi Arabia,0,17,17,0.0
1985,Scotland,0,109,109,0.0
1985,Spain,1,29,30,3.33
1985,Sweden,0,56,56,0.0
1985,UK,77,539,616,12.5
1985,USA,2843,23498,26341,10.79
1985,Uruguay,0,21,21,0.0
1985,Wales,3,121,124,2.42
1985,West Germany,30,132,162,18.52
1986,Australia,20,24,44,45.45
1986,Belgium,77,0,77,100.0
1986,Canada,12,103,115,10.43
1986,Finland,25,282,307,8.14
1986,Iceland,16,159,175,9.14
1986,India,0,44,44,0.0
1986,Japan,25,48,73,34.25
1986,Netherlands,0,189,189,0.0
1986,New Zealand,6,35,41,14.63
1986,Norway,19,340,359,5.29
1986,Sweden,84,74,158,53.16
1986,UK,57,92,149,38.26
1986,USA,679,5212,5891,11.53
1986,West Germany,112,217,329,34.04
1987,Australia,64,0,64,100.0
1987,Canada,0,36,36,0.0
1987,Denmark,0,41,41,0.0
1987,England,0,84,84,0.0
1987,Finland,28,241,269,10.41
1987,Germany,13,94,107,12.15
1987,Iceland,13,180,193,6.74
1987,Italy,0,60,60,0.0
1987,Japan,28,101,129,21.71
1987,Netherlands,0,37,37,0.0
1987,New Zealand,9,27,36,25.0
1987,Norway,21,351,372,5.65
1987,Peru,0,154,154,0.0
1987,Poland,0,27,27,0.0
1987,Sweden,61,67,128,47.66
1987,UK,41,46,87,47.13
1987,USA,666,4491,5157,12.91
1987,West Germany,147,260,407,36.12
1988,Australia,0,79,79,0.0
1988,Belgium,99,0,99,100.0
1988,Canada,3,59,62,4.84
1988,England,23,171,194,11.86
1988,Finland,37,260,297,12.46
1988,Germany,0,100,100,0.0
1988,Iceland,7,189,196,3.57
1988,Japan,53,160,213,24.88
1988,Luxembourg,0,219,219,0.0
1988,Netherlands,0,81,81,0.0
1988,New Zealand,10,38,48,20.83
1988,Norway,47,241,288,16.32
1988,Poland,0,27,27,0.0
1988,South Africa,19,36,55,34.55
1988,South Korea,0,51,51,0.0
1988,Sweden,0,35,35,0.0
1988,UK,51,168,219,23.29
1988,USA,658,4643,5301,12.41
1988,USSR,9,324,333,2.7
1988,Ukraine,0,59,59,0.0
1988,West Germany,103,141,244,42.21
1989,Belgium,78,18,96,81.25
1989,Canada,74,146,220,33.64
1989,England,29,107,136,21.32
1989,Finland,0,150,150,0.0
1989,Germany,17,149,166,10.24
1989,Iceland,9,183,192,4.69
1989,Japan,35,172,207,16.91
1989,Netherlands,0,30,30,0.0
1989,Norway,67,585,652,10.28
1989,Poland,0,30,30,0.0
1989,Russia,0,98,98,0.0
1989,South Korea,0,14,14,0.0
1989,Sweden,0,115,115,0.0
1989,UK,54,93,147,36.73
1989,USA,738,6352,7090,10.41
1989,USSR,15,450,465,3.23
1989,Ukraine,0,157,157,0.0
1989,West Germany,59,136,195,30.26
1990,Australia,0,100,100,0.0
1990,Belgium,0,36,36,0.0
1990,England,11,150,161,6.83
1990,Finland,37,295,332,11.14
1990,France,36,49,85,42.35
1990,Germany,60,123,183,32.79
1990,Hungary,0,118,118,0.0
1990,Iceland,4,194,198,2.02
1990,Italy,20,103,123,16.26
1990,Japan,58,209,267,21.72
1990,Netherlands,0,257,257,0.0
1990,New Zealand,6,11,17,35.29
1990,Norway,31,436,467,6.64
1990,Poland,0,46,46,0.0
1990,Russia,0,41,41,0.0
1990,Spain,63,0,63,100.0
1990,Sweden,92,0,92,100.0
1990,Taiwan,28,44,72,38.89
1990,UK,48,97,145,33.1
1990,USA,616,5935,6551,9.4
1990,USSR,95,741,836,11.36
1990,Ukraine,0,155,155,0.0
1990,West Germany,80,159,239,33.47
1991,Australia,43,71,114,37.72
1991,Austria,0,77,77,0.0
1991,Belgium,2,16,18,11.11
1991,Denmark,0,36,36,0.0
1991,England,7,246,253,2.77
1991,Finland,37,411,448,8.26
1991,France,14,28,42,33.33
1991,Germany,128,311,439,29.16
1991,Hungary,0,109,109,0.0
1991,Iceland,2,38,40,5.0
1991,India,73,0,73,100.0
1991,Ivory Coast,0,81,81,0.0
1991,Japan,48,138,186,25.81
1991,Netherlands,12,130,142,8.45
1991,New Zealand,11,47,58,18.97
1991,Norway,219,1496,1715,12.77
1991,Poland,0,45,45,0.0
1991,Russia,10,36,46,21.74
1991,Slovakia,0,26,26,0.0
1991,Sweden,0,158,158,0.0
1991,UK,33,49,82,40.24
1991,USA,622,5241,5863,10.61
1991,USSR,200,659,859,23.28
1991,Ukraine,61,407,468,13.03
1991,Uruguay,0,123,123,0.0
1992,Australia,77,279,356,21.63
1992,Belgium,118,0,118,100.0
1992,Denmark,0,112,112,0.0
1992,England,36,438,474,7.59
1992,Finland,59,350,409,14.43
1992,Germany,49,74,123,39.84
1992,Hungary,0,124,124,0.0
1992,Iceland,0,38,38,0.0
1992,India,30,49,79,37.97
1992,Indonesia,75,119,194,38.66
1992,Japan,83,279,362,22.93
1992,Lithuania,0,32,32,0.0
1992,Netherlands,23,104,127,18.11
1992,New Zealand,16,59,75,21.33
1992,Norway,23,68,91,25.27
1992,Russia,193,545,738,26.15
1992,Slovakia,0,121,121,0.0
1992,Spain,0,99,99,0.0
1992,Sweden,81,54,135,60.0
1992,Taiwan,36,85,121,29.75
1992,UK,75,53,128,58.59
1992,USA,657,5910,6567,10.0
1992,Ukraine,119,545,664,17.92
1992,Wales,0,30,30,0.0
1993,Australia,124,610,734,16.89
1993,Belgium,2,113,115,1.74
1993,Canada,108,332,440,24.55
1993,Czechia,107,871,978,10.94
1993,England,6,137,143,4.2
1993,Finland,46,341,387,11.89
1993,France,22,127,149,14.77
1993,Germany,102,145,247,41.3
1993,Hungary,76,232,308,24.68
1993,Iceland,5,85,90,5.56
1993,Japan,93,237,330,28.18
1993,Kazakhstan,6,19,25,24.0
1993,Latvia,0,37,37,0.0
1993,Nauru,0,6,6,0.0
1993,Netherlands,40,166,206,19.42
1993,New Zealand,17,78,95,17.89
1993,Norway,33,128,161,20.5
1993,Poland,13,144,157,8.28
1993,Russia,233,566,799,29.16
1993,Sweden,120,157,277,43.32
1993,Taiwan,27,37,64,42.19
1993,UK,28,0,28,100.0
1993,USA,613,4666,5279,11.61
1993,Ukraine,120,404,524,22.9
1994,Australia,123,634,757,16.25
1994,Austria,0,18,18,0.0
1994,Belarus,37,145,182,20.33
1994,Canada,7,100,107,6.54
1994,Czechia,34,321,355,9.58
1994,England,2,198,200,1.0
1994,Finland,49,545,594,8.25
1994,Germany,177,517,694,25.5
1994,Hungary,74,0,74,100.0
1994,Iceland,2,89,91,2.2
1994,Indonesia,58,100,158,36.71
1994,Japan,63,235,298,21.14
1994,Netherlands,24,118,142,16.9
1994,New Zealand,85,0,85,100.0
1994,Norway,31,194,225,13.78
1994,Philippines,34,49,83,40.96
1994,Russia,301,742,1043,28.86
1994,Scotland,2,41,43,4.65
1994,Slovakia,21,209,230,9.13
1994,South Africa,0,135,135,0.0
1994,Sweden,0,241,241,0.0
1994,Taiwan,17,41,58,29.31
1994,UK,39,55,94,41.49
1994,USA,614,3967,4581,13.4
1994,Ukraine,116,505,621,18.68
1995,Australia,76,395,471,16.14
1995,Belarus,82,211,293,27.99
1995,Canada,33,140,173,19.08
1995,Czechia,57,720,777,7.34
1995,Denmark,46,203,249,18.47
1995,England,82,36,118,69.49
1995,Finland,71,521,592,11.99
1995,Germany,189,709,898,21.05
1995,Hungary,39,100,139,28.06
1995,Iceland,0,136,136,0.0
1995,India,92,156,248,37.1
1995,Japan,106,56,162,65.43
1995,Netherlands,27,162,189,14.29
1995,New Zealand,10,85,95,10.53
1995,Norway,72,428,500,14.4
1995,Poland,12,28,40,30.0
1995,Russia,332,1010,1342,24.74
1995,Spain,16,99,115,13.91
1995,Tahiti,9,28,37,24.32
1995,UK,77,152,229,33.62
1995,USA,1212,8181,9393,12.9
1995,Ukraine,131,307,438,29.91
1996,Australia,80,394,474,16.88
1996,Austria,0,182,182,0.0
1996,Canada,152,339,491,30.96
1996,Czechia,116,887,1003,11.57
1996,Denmark,81,363,444,18.24
1996,England,53,211,264,20.08
1996,Estonia,0,12,12,0.0
1996,Finland,130,438,568,22.89
1996,France,52,93,145,35.86
1996,Germany,215,472,687,31.3
1996,Hungary,23,245,268,8.58
1996,Iceland,1,169,170,0.59
1996,India,20,121,141,14.18
1996,Italy,67,0,67,100.0
1996,Japan,45,0,45,100.0
1996,Kazakhstan,41,50,91,45.05
1996,Netherlands,27,131,158,17.09
1996,Norway,33,265,298,11.07
1996,Papua New Guinea,5,27,32,15.62
1996,Poland,20,65,85,23.53
1996,Russia,252,562,814,30.96
1996,Scotland,0,14,14,0.0
1996,Slovenia,13,25,38,34.21
1996,South Africa,28,119,147,19.05
1996,Sweden,27,23,50,54.0
1996,Taiwan,18,56,74,24.32
1996,UK,0,49,49,0.0
1996,USA,847,5248,6095,13.9
1996,Ukraine,193,358,551,35.03
1997,Australia,78,393,471,16.56
1997,Canada,162,622,784,20.66
1997,Czechia,63,792,855,7.37
1997,Denmark,16,149,165,9.7
1997,England,75,452,527,14.23
1997,Finland,64,294,358,17.88
1997,Germany,161,513,674,23.89
1997,Hungary,31,206,237,13.08
1997,Iceland,1,127,128,0.78
1997,Latvia,0,64,64,0.0
1997,Lithuania,12,96,108,11.11
1997,Luxembourg,27,37,64,42.19
1997,Netherlands,0,32,32,0.0
1997,New Zealand,10,90,100,10.0
1997,Norway,132,478,610,21.64
1997,Poland,70,171,241,29.05
1997,Russia,270,577,847,31.88
1997,Slovakia,116,255,371,31.27
1997,South Africa,79,0,79,100.0
1997,Sweden,49,80,129,37.98
1997,Taiwan,36,57,93,38.71
1997,UK,53,94,147,36.05
1997,USA,1070,6968,8038,13.31
1997,Ukraine,206,518,724,28.45
1998,Argentina,22,136,158,13.92
1998,Australia,70,278,348,20.11
1998,Austria,91,454,545,16.7
1998,Belgium,28,47,75,37.33
1998,Canada,92,356,448,20.54
1998,Czechia,75,783,858,8.74
1998,Denmark,25,257,282,8.87
1998,England,8,81,89,8.99
1998,Finland,99,380,479,20.67
1998,Germany,254,816,1070,23.74
1998,Hungary,81,160,241,33.61
1998,Iceland,9,156,165,5.45
1998,Latvia,5,145,150,3.33
1998,Netherlands,26,150,176,14.77
1998,New Zealand,24,148,172,13.95
1998,Norway,190,728,918,20.7
1998,Russia,324,578,902,35.92
1998,Scotland,0,26,26,0.0
1998,Slovakia,60,124,184,32.61
1998,South Korea,27,65,92,29.35
1998,Sweden,33,172,205,16.1
1998,Taiwan,32,49,81,39.51
1998,UAE,73,196,269,27.14
1998,UK,59,127,186,31.72
1998,USA,1189,8481,9670,12.3
1998,Ukraine,247,708,955,25.86
1999,Australia,59,338,397,14.86
1999,Belarus,32,60,92,34.78
1999,Belgium,19,107,126,15.08
1999,Bulgaria,8,16,24,33.33
1999,Canada,217,1098,1315,16.5
1999,Czechia,125,774,899,13.9
1999,Denmark,127,272,399,31.83
1999,England,39,216,255,15.29
1999,Finland,199,681,880,22.61
1999,France,99,39,138,71.74
1999,Germany,216,810,1026,21.05
1999,Hungary,50,128,178,28.09
1999,Iceland,5,142,147,3.4
1999,India,47,83,130,36.15
1999,Italy,0,211,211,0.0
1999,Latvia,1,145,146,0.68
1999,Luxembourg,68,229,297,22.9
1999,Netherlands,28,211,239,11.72
1999,New Zealand,33,161,194,17.01
1999,Norway,74,293,367,20.16
1999,Poland,52,177,229,22.71
1999,Russia,317,657,974,32.55
1999,Singapore,0,21,21,0.0
1999,South Africa,30,145,175,17.14
1999,Sweden,27,494,521,5.18
1999,UK,56,276,332,16.87
1999,USA,1129,6510,7639,14.78
1999,Ukraine,316,701,1017,31.07
1999,Yugoslavia,1,63,64,1.56
2000,Argentina,81,0,81,100.0
2000,Australia,225,759,984,22.87
2000,Austria,22,146,168,13.1
2000,Belgium,25,85,110,22.73
2000,Brazil,16,26,42,38.1
2000,Bulgaria,43,76,119,36.13
2000,Canada,93,538,631,14.74
2000,Czechia,190,1001,1191,15.95
2000,Denmark,28,294,322,8.7
2000,England,10,38,48,20.83
2000,Finland,51,122,173,29.48
2000,Germany,161,877,1038,15.51
2000,Hungary,25,110,135,18.52
2000,Iceland,10,153,163,6.13
2000,Ireland,34,169,203,16.75
2000,Italy,26,166,192,13.54
2000,Japan,110,823,933,11.79
2000,Latvia,23,191,214,10.75
2000,Luxembourg,72,0,72,100.0
2000,Netherlands,37,307,344,10.76
2000,New Zealand,3,11,14,21.43
2000,Norway,131,1365,1496,8.76
2000,Philippines,34,54,88,38.64
2000,Russia,409,1373,1782,22.95
2000,Slovakia,16,20,36,44.44
2000,Sweden,26,375,401,6.48
2000,Taiwan,56,83,139,40.29
2000,UK,80,287,367,21.8
2000,USA,1234,6773,8007,15.41
2000,Ukraine,279,823,1102,25.32
2000,Uzbekistan,42,77,119,35.29
2001,Argentina,12,53,65,18.46
2001,Australia,106,616,722,14.68
2001,Austria,17,21,38,44.74
2001,Bulgaria,70,127,197,35.53
2001,Canada,180,888,1068,16.85
2001,Czechia,186,551,737,25.24
2001,Denmark,56,342,398,14.07
2001,England,72,405,477,15.09
2001,Finland,98,737,835,11.74
2001,France,64,254,318,20.13
2001,Germany,46,260,306,15.03
2001,Hungary,35,118,153,22.88
2001,Iceland,9,114,123,7.32
2001,India,60,118,178,33.71
2001,Ireland,0,28,28,0.0
2001,Japan,174,710,884,19.68
2001,Kazakhstan,33,158,191,17.28
2001,Latvia,60,320,380,15.79
2001,Luxembourg,61,183,244,25.0
2001,Netherlands,37,206,243,15.23
2001,New Zealand,62,100,162,38.27
2001,Norway,82,1106,1188,6.9
2001,Puerto Rico,43,129,172,25.0
2001,Russia,602,1744,2346,25.66
2001,Slovakia,28,121,149,18.79
2001,South Africa,36,228,264,13.64
2001,Sweden,38,416,454,8.37
2001,Switzerland,0,21,21,0.0
2001,UK,72,192,264,27.27
2001,USA,1450,7898,9348,15.51
2001,Ukraine,257,771,1028,25.0
2002,Argentina,67,259,326,20.55
2002,Australia,135,770,905,14.92
2002,Austria,8,135,143,5.59
2002,Belgium,20,134,154,12.99
2002,Canada,53,396,449,11.8
2002,Czechia,151,941,1092,13.83
2002,Denmark,25,397,422,5.92
2002,England,57,373,430,13.26
2002,Finland,162,706,868,18.66
2002,France,3,26,29,10.34
2002,Germany,178,471,649,27.43
2002,Hungary,47,91,138,34.06
2002,Iceland,12,148,160,7.5
2002,India,16,22,38,42.11
2002,Ireland,0,20,20,0.0
2002,Italy,75,468,543,13.81
2002,Japan,137,742,879,15.59
2002,Kazakhstan,32,120,152,21.05
2002,Latvia,0,51,51,0.0
2002,Lithuania,1,64,65,1.54
2002,Luxembourg,80,128,208,38.46
2002,Malaysia,82,152,234,35.04
2002,Netherlands,71,231,302,23.51
2002,New Zealand,18,61,79,22.78
2002,Norway,83,1165,1248,6.65
2002,Russia,766,2553,3319,23.08
2002,Scotland,21,146,167,12.57
2002,Slovakia,0,158,158,0.0
2002,South Korea,75,116,191,39.27
2002,Sweden,68,588,656,10.37
2002,Switzerland,3,34,37,8.11
2002,Taiwan,49,48,97,50.52
2002,UK,103,396,499,20.64
2002,USA,2344,11229,13573,17.27
2002,Ukraine,275,779,1054,26.09
2002,Wales,5,65,70,7.14
2003,Australia,110,869,979,11.24
2003,Austria,25,302,327,7.65
2003,Belarus,0,186,186,0.0
2003,Brazil,42,111,153,27.45
2003,Bulgaria,0,90,90,0.0
2003,Canada,198,907,1105,17.92
2003,Czechia,142,932,1074,13.22
2003,Denmark,31,652,683,4.54
2003,England,65,641,706,9.21
2003,Fiji,0,46,46,0.0
2003,Finland,93,510,603,15.42
2003,France,51,271,322,15.84
2003,Germany,82,545,627,13.08
2003,Hungary,60,183,243,24.69
2003,Iceland,14,133,147,9.52
2003,India,28,42,70,40.0
2003,Ireland,0,24,24,0.0
2003,Italy,58,385,443,13.09
2003,Japan,88,644,732,12.02
2003,Kazakhstan,70,163,233,30.04
2003,Lithuania,1,63,64,1.56
2003,Netherlands,28,218,246,11.38
2003,New Zealand,8,38,46,17.39
2003,Nigeria,25,52,77,32.47
2003,Norway,122,1217,1339,9.11
2003,Poland,60,105,165,36.36
2003,Russia,870,3170,4040,21.53
2003,Scotland,9,42,51,17.65
2003,Serbia,19,75,94,20.21
2003,Slovakia,155,136,291,53.26
2003,Sweden,44,381,425,10.35
2003,Switzerland,4,36,40,10.0
2003,UK,118,520,638,18.5
2003,USA,2251,11575,13826,16.28
2003,Ukraine,269,727,996,27.01
2003,Wales,3,96,99,3.03
2004,Australia,177,715,892,19.84
2004,Austria,10,78,88,11.36
2004,Belarus,0,241,241,0.0
2004,Belgium,39,225,264,14.77
2004,Bulgaria,42,99,141,29.79
2004,Canada,121,705,826,14.65
2004,Czechia,47,875,922,5.1
2004,Denmark,56,469,525,10.67
2004,Ecuador,46,84,130,35.38
2004,England,73,643,716,10.2
2004,Fiji,11,53,64,17.19
2004,Finland,85,547,632,13.45
2004,France,100,0,100,100.0
2004,Germany,73,577,650,11.23
2004,Greece,69,131,200,34.5
2004,Guatemala,21,31,52,40.38
2004,Iceland,24,214,238,10.08
2004,India,52,233,285,18.25
2004,Ireland,1,65,66,1.52
2004,Italy,60,439,499,12.02
2004,Japan,108,556,664,16.27
2004,Lithuania,5,147,152,3.29
2004,Luxembourg,46,116,162,28.4
2004,Mexico,32,122,154,20.78
2004,Netherlands,30,168,198,15.15
2004,New Zealand,28,189,217,12.9
2004,Norway,162,1256,1418,11.42
2004,Russia,1040,3144,4184,24.86
2004,Scotland,11,62,73,15.07
2004,Serbia,55,80,135,40.74
2004,Slovakia,148,252,400,37.0
2004,South Africa,72,261,333,21.62
2004,Sweden,69,321,390,17.69
2004,Switzerland,0,42,42,0.0
2004,UK,107,518,625,17.12
2004,USA,2485,11538,14023,17.72
2004,Ukraine,221,650,871,25.37
2004,Uzbekistan,39,133,172,22.67
2004,Venezuela,14,40,54,25.93
2004,Wales,9,109,118,7.63
2005,Argentina,35,111,146,23.97
2005,Australia,73,423,496,14.72
2005,Austria,14,138,152,9.21
2005,Brazil,20,59,79,25.32
2005,Canada,199,960,1159,17.17
2005,Czechia,134,1113,1247,10.75
2005,Denmark,79,451,530,14.91
2005,England,96,598,694,13.83
2005,Estonia,12,96,108,11.11
2005,Fiji,4,42,46,8.7
2005,Finland,190,909,1099,17.29
2005,Germany,126,808,934,13.49
2005,Hungary,119,83,202,58.91
2005,Iceland,19,155,174,10.92
2005,India,55,134,189,29.1
2005,Ireland,0,55,55,0.0
2005,Italy,124,760,884,14.03
2005,Japan,14,81,95,14.74
2005,Latvia,12,233,245,4.9
2005,Lithuania,9,96,105,8.57
2005,Luxembourg,0,95,95,0.0
2005,Netherlands,48,231,279,17.2
2005,New Zealand,27,122,149,18.12
2005,Norway,174,1054,1228,14.17
2005,Russia,1048,3886,4934,21.24
2005,Scotland,9,78,87,10.34
2005,Slovakia,44,295,339,12.98
2005,South Africa,53,170,223,23.77
2005,Spain,21,29,50,42.0
2005,Sweden,75,261,336,22.32
2005,Switzerland,1,57,58,1.72
2005,UK,137,859,996,13.76
2005,USA,2263,10583,12846,17.62
2005,Ukraine,218,767,985,22.13
2005,Wales,5,98,103,4.85
2006,Australia,102,600,702,14.53
2006,Austria,20,201,221,9.05
2006,Belgium,37,298,335,11.04
2006,Brazil,40,83,123,32.52
2006,Bulgaria,82,175,257,31.91
2006,Canada,135,660,795,16.98
2006,Costa Rica,2,33,35,5.71
2006,Czechia,168,1038,1206,13.93
2006,Denmark,72,534,606,11.88
2006,Egypt,0,41,41,0.0
2006,England,67,387,454,14.76
2006,Estonia,17,169,186,9.14
2006,Finland,62,517,579,10.71
2006,France,67,293,360,18.61
2006,Germany,56,447,503,11.13
2006,Hungary,76,115,191,39.79
2006,Iceland,18,159,177,10.17
2006,Ireland,41,348,389,10.54
2006,Italy,93,494,587,15.84
2006,Latvia,0,37,37,0.0
2006,Lithuania,14,117,131,10.69
2006,Luxembourg,21,34,55,38.18
2006,Netherlands,23,165,188,12.23
2006,New Zealand,26,142,168,15.48
2006,Norway,251,1246,1497,16.77
2006,Puerto Rico,35,33,68,51.47
2006,Russia,1012,4212,5224,19.37
2006,Scotland,11,71,82,13.41
2006,Slovakia,48,91,139,34.53
2006,South Korea,133,150,283,47.0
2006,Switzerland,6,95,101,5.94
2006,UK,59,450,509,11.59
2006,USA,2636,13314,15950,16.53
2006,Ukraine,204,847,1051,19.41
2006,Uruguay,28,102,130,21.54
2006,Wales,0,37,37,0.0
2007,Aruba,3,51,54,5.56
2007,Australia,98,461,559,17.53
2007,Austria,176,467,643,27.37
2007,Belarus,36,425,461,7.81
2007,Belgium,24,42,66,36.36
2007,Brazil,65,129,194,33.51
2007,Bulgaria,35,73,108,32.41
2007,Canada,163,971,1134,14.37
2007,China,13,21,34,38.24
2007,Czechia,185,1185,1370,13.5
2007,Denmark,184,670,854,21.55
2007,Egypt,12,73,85,14.12
2007,England,58,453,511,11.35
2007,Estonia,31,117,148,20.95
2007,Finland,48,346,394,12.18
2007,France,111,223,334,33.23
2007,Germany,165,1074,1239,13.32
2007,Greece,72,155,227,31.72
2007,Guatemala,39,93,132,29.55
2007,Iceland,10,128,138,7.25
2007,Ireland,0,97,97,0.0
2007,Italy,110,645,755,14.57
2007,Lithuania,13,119,132,9.85
2007,Mexico,26,130,156,16.67
2007,Netherlands,25,115,140,17.86
2007,New Zealand,131,416,547,23.95
2007,Nicaragua,0,28,28,0.0
2007,Nigeria,56,73,129,43.41
2007,Norway,154,1190,1344,11.46
2007,Peru,15,75,90,16.67
2007,Poland,59,92,151,39.07
2007,Portugal,20,51,71,28.17
2007,Russia,1465,6718,8183,17.9
2007,Samoa,15,60,75,20.0
2007,Slovakia,7,38,45,15.56
2007,South Africa,7,47,54,12.96
2007,Sweden,24,70,94,25.53
2007,Switzerland,46,279,325,14.15
2007,Taiwan,89,157,246,36.18
2007,UK,55,410,465,11.83
2007,USA,2566,13175,15741,16.3
2007,Ukraine,244,1126,1370,17.81
2007,Wales,8,69,77,10.39
2008,Argentina,55,199,254,21.65
2008,Aruba,30,61,91,32.97
2008,Australia,131,544,675,19.41
2008,Austria,33,178,211,15.64
2008,Belarus,62,481,543,11.42
2008,Belgium,102,560,662,15.41
2008,Canada,286,1037,1323,21.62
2008,China,82,121,203,40.39
2008,Costa Rica,9,40,49,18.37
2008,Czechia,261,1002,1263,20.67
2008,Denmark,89,460,549,16.21
2008,Ecuador,50,95,145,34.48
2008,England,111,928,1039,10.68
2008,Estonia,26,135,161,16.15
2008,Finland,67,700,767,8.74
2008,Germany,172,1200,1372,12.54
2008,Hong Kong,44,154,198,22.22
2008,Iceland,17,180,197,8.63
2008,Ireland,14,77,91,15.38
2008,Israel,10,65,75,13.33
2008,Italy,91,438,529,17.2
2008,Latvia,17,134,151,11.26
2008,Lithuania,3,51,54,5.56
2008,Luxembourg,36,128,164,21.95
2008,Netherlands,16,72,88,18.18
2008,New Zealand,82,281,363,22.59
2008,Nicaragua,17,29,46,36.96
2008,Norway,152,1248,1400,10.86
2008,Poland,22,75,97,22.68
2008,Russia,1451,7000,8451,17.17
2008,Slovakia,132,399,531,24.86
2008,South Africa,116,164,280,41.43
2008,Sweden,115,706,821,14.01
2008,Switzerland,4,62,66,6.06
2008,Tahiti,6,44,50,12.0
2008,UK,21,174,195,10.77
2008,US Virgin Islands,3,23,26,11.54
2008,USA,2415,13503,15918,15.17
2008,Ukraine,299,2081,2380,12.56
2008,Uzbekistan,52,186,238,21.85
2008,Wales,8,102,110,7.27
2009,Australia,137,622,759,18.05
2009,Belarus,41,344,385,10.65
2009,Belgium,17,197,214,7.94
2009,Brazil,83,144,227,36.56
2009,Canada,207,950,1157,17.89
2009,Colombia,0,12,12,0.0
2009,Czechia,245,1299,1544,15.87
2009,Denmark,61,439,500,12.2
2009,Egypt,24,28,52,46.15
2009,England,174,1403,1577,11.03
2009,Estonia,21,203,224,9.38
2009,Finland,144,864,1008,14.29
2009,France,127,656,783,16.22
2009,Germany,146,1142,1288,11.34
2009,Greece,2,27,29,6.9
2009,Iceland,52,228,280,18.57
2009,India,196,421,617,31.77
2009,Italy,48,399,447,10.74
2009,Latvia,2,126,128,1.56
2009,Lithuania,2,36,38,5.26
2009,Luxembourg,62,120,182,34.07
2009,Malaysia,47,103,150,31.33
2009,Mexico,15,71,86,17.44
2009,Netherlands,19,173,192,9.9
2009,New Zealand,120,446,566,21.2
2009,Norway,151,1331,1482,10.19
2009,Poland,14,68,82,17.07
2009,Romania,47,70,117,40.17
2009,Russia,1663,8009,9672,17.19
2009,Scotland,13,70,83,15.66
2009,Slovakia,42,160,202,20.79
2009,South Africa,18,92,110,16.36
2009,Sweden,222,1130,1352,16.42
2009,Switzerland,9,64,73,12.33
2009,Taiwan,48,81,129,37.21
2009,UAE,12,38,50,24.0
2009,UK,90,407,497,18.11
2009,US Virgin Islands,18,46,64,28.12
2009,USA,2480,12460,14940,16.6
2009,Ukraine,337,2434,2771,12.16
2009,Uruguay,39,97,136,28.68
2009,Wales,10,83,93,10.75
2010,Argentina,1,38,39,2.56
2010,Australia,143,589,732,19.54
2010,Austria,23,181,204,11.27
2010,Azerbaijan,10,71,81,12.35
2010,Belarus,60,380,440,13.64
2010,Belgium,49,418,467,10.49
2010,Brazil,31,64,95,32.63
2010,British Virgin Islands,7,46,53,13.21
2010,Canada,268,1005,1273,21.05
2010,China,47,103,150,31.33
2010,Croatia,1,24,25,4.0
2010,Czechia,354,1510,1864,18.99
2010,Denmark,45,472,517,8.7
2010,El Salvador,7,20,27,25.93
2010,England,113,882,995,11.36
2010,Estonia,38,199,237,16.03
2010,Finland,143,879,1022,13.99
2010,France,53,206,259,20.46
2010,Germany,192,1519,1711,11.22
2010,Greece,7,29,36,19.44
2010,Guyana,5,42,47,10.64
2010,Hong Kong,9,39,48,18.75
2010,Hungary,28,228,256,10.94
2010,Iceland,51,314,365,13.97
2010,India,12,26,38,31.58
2010,Ireland,28,222,250,11.2
2010,Israel,9,119,128,7.03
2010,Italy,90,502,592,15.2
2010,Japan,29,280,309,9.39
2010,Latvia,2,62,64,3.12
2010,Lithuania,12,130,142,8.45
2010,Luxembourg,20,38,58,34.48
2010,Malaysia,115,179,294,39.12
2010,Malta,36,194,230,15.65
2010,Mexico,5,66,71,7.04
2010,Mongolia,55,171,226,24.34
2010,Netherlands,19,126,145,13.1
2010,New Zealand,98,482,580,16.9
2010,Norway,280,1552,1832,15.28
2010,Philippines,42,177,219,19.18
2010,Poland,14,61,75,18.67
2010,Puerto Rico,14,43,57,24.56
2010,Romania,53,112,165,32.12
2010,Russia,2020,10565,12585,16.05
2010,Samoa,22,85,107,20.56
2010,Scotland,0,10,10,0.0
2010,Slovakia,97,370,467,20.77
2010,South Africa,127,263,390,32.56
2010,Sweden,211,848,1059,19.92
2010,Switzerland,13,127,140,9.29
2010,Turkey,49,124,173,28.32
2010,UAE,25,64,89,28.09
2010,UK,17,187,204,8.33
2010,USA,2627,39892,42519,6.18
2010,Ukraine,396,3002,3398,11.65
2010,Uruguay,45,99,144,31.25
2010,Wales,9,85,94,9.57
2011,Argentina,49,259,308,15.91
2011,Australia,208,806,1014,20.51
2011,Austria,146,405,551,26.5
2011,Azerbaijan,1,62,63,1.59
2011,Belarus,93,294,387,24.03
2011,Belgium,37,380,417,8.87
2011,Brazil,9,41,50,18.0
2011,Bulgaria,2,21,23,8.7
2011,Canada,447,1515,1962,22.78
2011,Cayman Islands,6,40,46,13.04
2011,Colombia,8,56,64,12.5
2011,Croatia,2,65,67,2.99
2011,Czechia,350,1567,1917,18.26
2011,Denmark,109,678,787,13.85
2011,England,166,833,999,16.62
2011,Estonia,57,366,423,13.48
2011,Finland,126,702,828,15.22
2011,Germany,207,1707,1914,10.82
2011,Greece,1,32,33,3.03
2011,Hong Kong,12,44,56,21.43
2011,Hungary,105,446,551,19.06
2011,Iceland,68,146,214,31.78
2011,Indonesia,24,35,59,40.68
2011,Ireland,31,325,356,8.71
2011,Italy,89,509,598,14.88
2011,Japan,99,520,619,15.99
2011,Jordan,13,50,63,20.63
2011,Kazakhstan,72,272,344,20.93
2011,Latvia,83,613,696,11.93
2011,Lithuania,3,67,70,4.29
2011,Luxembourg,51,143,194,26.29
2011,Mexico,23,115,138,16.67
2011,N.Ireland,2,22,24,8.33
2011,Netherlands,41,121,162,25.31
2011,New Caledonia,20,44,64,31.25
2011,New Zealand,120,483,603,19.9
2011,Norway,267,1579,1846,14.46
2011,Poland,135,527,662,20.39
2011,Romania,40,131,171,23.39
2011,Russia,2569,14217,16786,15.3
2011,Scotland,33,143,176,18.75
2011,Slovakia,6,65,71,8.45
2011,Sweden,250,1208,1458,17.15
2011,Switzerland,24,241,265,9.06
2011,Turkey,21,51,72,29.17
2011,UAE,104,207,311,33.44
2011,UK,43,241,284,15.14
2011,USA,3320,42551,45871,7.24
2011,Ukraine,544,4584,5128,10.61
2012,Argentina,57,378,435,13.1
2012,Australia,370,1340,1710,21.64
2012,Austria,36,304,340,10.59
2012,Belgium,40,458,498,8.03
2012,Canada,383,1311,1694,22.61
2012,Cayman Islands,42,134,176,23.86
2012,Colombia,55,141,196,28.06
2012,Croatia,9,147,156,5.77
2012,Czechia,289,1358,1647,17.55
2012,Denmark,109,575,684,15.94
2012,England,192,1099,1291,14.87
2012,Estonia,47,188,235,20.0
2012,Finland,127,555,682,18.62
2012,France,66,386,452,14.6
2012,Germany,294,2359,2653,11.08
2012,Greece,1,24,25,4.0
2012,Hong Kong,9,48,57,15.79
2012,Hungary,292,844,1136,25.7
2012,Iceland,71,165,236,30.08
2012,India,85,233,318,26.73
2012,Ireland,6,190,196,3.06
2012,Israel,7,74,81,8.64
2012,Italy,143,692,835,17.13
2012,Japan,32,307,339,9.44
2012,Kazakhstan,178,682,860,20.7
2012,Latvia,0,29,29,0.0
2012,Lithuania,10,90,100,10.0
2012,Luxembourg,15,40,55,27.27
2012,Malaysia,20,43,63,31.75
2012,Mexico,13,61,74,17.57
2012,N.Ireland,12,147,159,7.55
2012,Netherlands,16,166,182,8.79
2012,New Zealand,126,596,722,17.45
2012,Norway,312,1554,1866,16.72
2012,Poland,188,363,551,34.12
2012,Puerto Rico,81,133,214,37.85
2012,Romania,77,244,321,23.99
2012,Russia,3051,17856,20907,14.59
2012,Scotland,6,47,53,11.32
2012,Serbia,30,233,263,11.41
2012,Slovakia,50,422,472,10.59
2012,Slovenia,34,202,236,14.41
2012,Sweden,254,1112,1366,18.59
2012,Switzerland,38,355,393,9.67
2012,UAE,66,110,176,37.5
2012,UK,79,446,525,15.05
2012,USA,4179,45899,50078,8.34
2012,Ukraine,774,5928,6702,11.55
2013,Argentina,25,255,280,8.93
2013,Australia,584,1656,2240,26.07
2013,Austria,34,134,168,20.24
2013,Azerbaijan,6,132,138,4.35
2013,Belarus,30,134,164,18.29
2013,Belgium,107,862,969,11.04
2013,Brazil,42,142,184,22.83
2013,Bulgaria,37,114,151,24.5
2013,Cameroon,5,21,26,19.23
2013,Canada,534,1493,2027,26.34
2013,China,36,98,134,26.87
2013,Colombia,38,40,78,48.72
2013,Croatia,32,296,328,9.76
2013,Czechia,482,2003,2485,19.4
2013,Denmark,94,513,607,15.49
2013,Ecuador,25,66,91,27.47
2013,England,213,1179,1392,15.3
2013,Estonia,43,185,228,18.86
2013,Finland,165,835,1000,16.5
2013,France,48,242,290,16.55
2013,Germany,273,2168,2441,11.18
2013,Greece,3,28,31,9.68
2013,Hong Kong,20,32,52,38.46
2013,Hungary,321,1253,1574,20.39
2013,Iceland,84,186,270,31.11
2013,Iran,0,90,90,0.0
2013,Ireland,25,229,254,9.84
2013,Israel,16,156,172,9.3
2013,Italy,147,663,810,18.15
2013,Japan,189,857,1046,18.07
2013,Kazakhstan,166,787,953,17.42
2013,Lithuania,122,410,532,22.93
2013,Luxembourg,42,141,183,22.95
2013,Malaysia,12,155,167,7.19
2013,Mexico,4,52,56,7.14
2013,N.Ireland,56,220,276,20.29
2013,Netherlands,57,229,286,19.93
2013,New Zealand,270,881,1151,23.46
2013,Norway,500,1689,2189,22.84
2013,Philippines,15,0,15,100.0
2013,Poland,61,298,359,16.99
2013,Portugal,37,266,303,12.21
2013,Puerto Rico,28,111,139,20.14
2013,Romania,53,135,188,28.19
2013,Russia,3985,21422,25407,15.68
2013,Scotland,45,191,236,19.07
2013,Serbia,39,362,401,9.73
2013,Slovakia,87,528,615,14.15
2013,South Africa,16,78,94,17.02
2013,Sweden,379,1092,1471,25.76
2013,Switzerland,32,232,264,12.12
2013,UAE,36,63,99,36.36
2013,UK,113,336,449,25.17
2013,USA,5612,48209,53821,10.43
2013,Ukraine,1158,7645,8803,13.15
2013,Uruguay,41,101,142,28.87
2014,Argentina,226,1118,1344,16.82
2014,Australia,1070,2794,3864,27.69
2014,Austria,82,453,535,15.33
2014,Azerbaijan,26,316,342,7.6
2014,Belarus,123,574,697,17.65
2014,Belgium,27,258,285,9.47
2014,Brazil,32,109,141,22.7
2014,Bulgaria,44,78,122,36.07
2014,Canada,906,2147,3053,29.68
2014,Chile,10,33,43,23.26
2014,Croatia,36,273,309,11.65
2014,Czechia,318,1563,1881,16.91
2014,Denmark,266,765,1031,25.8
2014,Ecuador,59,119,178,33.15
2014,England,327,1193,1520,21.51
2014,Estonia,37,270,307,12.05
2014,Finland,503,1963,2466,20.4
2014,France,72,319,391,18.41
2014,Germany,378,2397,2775,13.62
2014,Greece,5,58,63,7.94
2014,Hong Kong,20,45,65,30.77
2014,Hungary,432,1140,1572,27.48
2014,Iceland,106,157,263,40.3
2014,Ireland,182,674,856,21.26
2014,Israel,19,215,234,8.12
2014,Italy,180,747,927,19.42
2014,Japan,259,1204,1463,17.7
2014,Kyrgyzstan,22,70,92,23.91
2014,Lithuania,20,76,96,20.83
2014,Luxembourg,46,142,188,24.47
2014,Mexico,35,102,137,25.55
2014,Moldova,62,260,322,19.25
2014,N.Ireland,74,176,250,29.6
2014,Netherlands,38,173,211,18.01
2014,New Zealand,333,958,1291,25.79
2014,Norway,580,1655,2235,25.95
2014,Philippines,33,99,132,25.0
2014,Poland,193,796,989,19.51
2014,Romania,69,126,195,35.38
2014,Russia,5958,25403,31361,19.0
2014,Scotland,104,262,366,28.42
2014,Serbia,0,67,67,0.0
2014,Slovakia,114,678,792,14.39
2014,South Africa,251,552,803,31.26
2014,South Korea,47,97,144,32.64
2014,Spain,12,11,23,52.17
2014,Sweden,432,1089,1521,28.4
2014,Switzerland,49,231,280,17.5
2014,Turkey,82,173,255,32.16
2014,UAE,104,222,326,31.9
2014,UK,285,859,1144,24.91
2014,US Virgin Islands,44,83,127,34.65
2014,USA,25658,56243,81901,31.33
2014,Ukraine,1344,6111,7455,18.03
2015,Argentina,101,564,665,15.19
2015,Australia,1236,2699,3935,31.41
2015,Austria,68,286,354,19.21
2015,Belarus,191,627,818,23.35
2015,Belgium,54,392,446,12.11
2015,Brazil,80,267,347,23.05
2015,Canada,1583,2898,4481,35.33
2015,Chile,19,51,70,27.14
2015,Colombia,44,61,105,41.9
2015,Congo,33,54,87,37.93
2015,Croatia,131,355,486,26.95
2015,Czechia,534,1865,2399,22.26
2015,Denmark,151,579,730,20.68
2015,England,584,1746,2330,25.06
2015,Estonia,91,453,544,16.73
2015,Finland,958,2333,3291,29.11
2015,France,178,669,847,21.02
2015,Georgia,40,236,276,14.49
2015,Germany,507,2939,3446,14.71
2015,Greece,29,571,600,4.83
2015,Hong Kong,97,178,275,35.27
2015,Hungary,422,1249,1671,25.25
2015,Iceland,86,175,261,32.95
2015,Ireland,629,1183,1812,34.71
2015,Israel,25,156,181,13.81
2015,Italy,362,1244,1606,22.54
2015,Japan,298,1459,1757,16.96
2015,Kazakhstan,389,1142,1531,25.41
2015,Latvia,57,411,468,12.18
2015,Lithuania,36,183,219,16.44
2015,Luxembourg,76,132,208,36.54
2015,Mexico,56,182,238,23.53
2015,Morocco,10,49,59,16.95
2015,N.Ireland,69,139,208,33.17
2015,Netherlands,73,301,374,19.52
2015,New Zealand,557,1111,1668,33.39
2015,Norway,712,1645,2357,30.21
2015,Oman,9,87,96,9.38
2015,Papua New Guinea,28,52,80,35.0
2015,Peru,24,75,99,24.24
2015,Poland,294,1178,1472,19.97
2015,Portugal,101,533,634,15.93
2015,Puerto Rico,26,54,80,32.5
2015,Romania,73,142,215,33.95
2015,Russia,7587,29898,37485,20.24
2015,Scotland,153,355,508,30.12
2015,Serbia,9,37,46,19.57
2015,Singapore,32,44,76,42.11
2015,Slovakia,8,142,150,5.33
2015,Slovenia,4,42,46,8.7
2015,South Africa,94,308,402,23.38
2015,South Korea,36,100,136,26.47
2015,Spain,76,292,368,20.65
2015,Sweden,650,1571,2221,29.27
2015,Switzerland,85,246,331,25.68
2015,UAE,37,70,107,34.58
2015,UK,659,1798,2457,26.82
2015,USA,32882,64706,97588,33.69
2015,Ukraine,1634,6912,8546,19.12
2015,Uzbekistan,82,198,280,29.29
2015,Wales,15,54,69,21.74
2016,Argentina,119,477,596,19.97
2016,Australia,1326,2739,4065,32.62
2016,Austria,82,344,426,19.25
2016,Belarus,349,1041,1390,25.11
2016,Belgium,75,490,565,13.27
2016,Brazil,186,497,683,27.23
2016,Canada,1834,3639,5473,33.51
2016,Chile,46,120,166,27.71
2016,Colombia,18,59,77,23.38
2016,Costa Rica,28,77,105,26.67
2016,Croatia,137,566,703,19.49
2016,Czechia,311,1061,1372,22.67
2016,Denmark,344,1000,1344,25.6
2016,England,1086,2485,3571,30.41
2016,Estonia,248,614,862,28.77
2016,Finland,748,2144,2892,25.86
2016,France,299,1466,1765,16.94
2016,Georgia,5,76,81,6.17
2016,Germany,651,3739,4390,14.83
2016,Greece,88,840,928,9.48
2016,Guyana,24,100,124,19.35
2016,Hungary,403,1407,1810,22.27
2016,Iceland,124,242,366,33.88
2016,India,47,95,142,33.1
2016,Ireland,646,1031,1677,38.52
2016,Israel,48,163,211,22.75
2016,Italy,458,1286,1744,26.26
2016,Japan,288,1450,1738,16.57
2016,Kazakhstan,708,1637,2345,30.19
2016,Lithuania,49,162,211,23.22
2016,Luxembourg,51,125,176,28.98
2016,Malaysia,91,159,250,36.4
2016,Mexico,26,127,153,16.99
2016,N.Ireland,62,179,241,25.73
2016,Netherlands,210,608,818,25.67
2016,New Zealand,704,1257,1961,35.9
2016,Norway,847,1679,2526,33.53
2016,Peru,43,96,139,30.94
2016,Philippines,228,584,812,28.08
2016,Poland,256,736,992,25.81
2016,Romania,43,139,182,23.63
2016,Russia,8774,31908,40682,21.57
2016,Scotland,190,369,559,33.99
2016,Serbia,145,530,675,21.48
2016,Slovakia,97,701,798,12.16
2016,Slovenia,7,62,69,10.14
2016,South Africa,186,457,643,28.93
2016,Spain,146,542,688,21.22
2016,Sweden,597,1380,1977,30.2
2016,Switzerland,36,198,234,15.38
2016,Turkey,8,16,24,33.33
2016,UAE,75,128,203,36.95
2016,UK,655,1417,2072,31.61
2016,US Virgin Islands,80,106,186,43.01
2016,USA,38625,72529,111154,34.75
2016,Ukraine,1830,7881,9711,18.84
2016,Uzbekistan,40,124,164,24.39
2016,Wales,16,29,45,35.56
2017,Algeria,17,72,89,19.1
2017,Argentina,269,1011,1280,21.02
2017,Australia,1736,3073,4809,36.1
2017,Austria,152,614,766,19.84
2017,Belarus,416,743,1159,35.89
2017,Belgium,234,851,1085,21.57
2017,Bosnia and Herzegovina,21,116,137,15.33
2017,Brazil,82,374,456,17.98
2017,Canada,2404,4386,6790,35.41
2017,Chile,31,121,152,20.39
2017,Colombia,20,78,98,20.41
2017,Croatia,111,363,474,23.42
2017,Czechia,604,2490,3094,19.52
2017,Denmark,320,862,1182,27.07
2017,England,1383,2794,4177,33.11
2017,Estonia,72,381,453,15.89
2017,Finland,831,2316,3147,26.41
2017,France,819,3786,4605,17.79
2017,Germany,867,4065,4932,17.58
2017,Greece,103,775,878,11.73
2017,Guyana,15,99,114,13.16
2017,Hong Kong,0,62,62,0.0
2017,Hungary,445,1092,1537,28.95
2017,Iceland,105,117,222,47.3
2017,India,377,627,1004,37.55
2017,Indonesia,69,138,207,33.33
2017,Ireland,736,1069,1805,40.78
2017,Israel,50,306,356,14.04
2017,Italy,421,1348,1769,23.8
2017,Japan,342,1631,1973,17.33
2017,Kazakhstan,532,1192,1724,30.86
2017,Latvia,10,27,37,27.03
2017,Lithuania,237,522,759,31.23
2017,Luxembourg,49,65,114,42.98
2017,Malaysia,49,270,319,15.36
2017,Malta,11,62,73,15.07
2017,Mexico,180,345,525,34.29
2017,Moldova,13,145,158,8.23
2017,N.Ireland,96,156,252,38.1
2017,Netherlands,257,558,815,31.53
2017,New Zealand,633,1027,1660,38.13
2017,Norway,967,1746,2713,35.64
2017,Philippines,41,122,163,25.15
2017,Poland,336,1411,1747,19.23
2017,Romania,52,141,193,26.94
2017,Russia,9551,33980,43531,21.94
2017,Scotland,267,463,730,36.58
2017,Serbia,44,223,267,16.48
2017,Singapore,84,265,349,24.07
2017,Slovakia,115,635,750,15.33
2017,Slovenia,10,104,114,8.77
2017,South Africa,325,524,849,38.28
2017,Spain,297,768,1065,27.89
2017,Sweden,524,1166,1690,31.01
2017,Switzerland,66,225,291,22.68
2017,UAE,62,201,263,23.57
2017,UK,653,1035,1688,38.68
2017,USA,42045,74148,116193,36.19
2017,Ukraine,1925,7714,9639,19.97
2017,Wales,20,51,71,28.17
2018,Algeria,38,48,86,44.19
2018,Argentina,165,587,752,21.94
2018,Australia,2184,3259,5443,40.12
2018,Austria,133,521,654,20.34
2018,Belarus,78,372,450,17.33
2018,Belgium,91,653,744,12.23
2018,Brazil,159,594,753,21.12
2018,Canada,2991,5027,8018,37.3
2018,Chile,85,314,399,21.3
2018,China,19,82,101,18.81
2018,Colombia,53,95,148,35.81
2018,Costa Rica,52,79,131,39.69
2018,Croatia,81,238,319,25.39
2018,Czechia,486,1664,2150,22.6
2018,Denmark,209,627,836,25.0
2018,Ecuador,55,138,193,28.5
2018,Egypt,61,124,185,32.97
2018,England,1900,3339,5239,36.27
2018,Estonia,74,373,447,16.55
2018,Finland,892,2198,3090,28.87
2018,France,1475,5013,6488,22.73
2018,Georgia,11,231,242,4.55
2018,Germany,992,4480,5472,18.13
2018,Greece,163,1245,1408,11.58
2018,Guyana,23,80,103,22.33
2018,Hong Kong,24,39,63,38.1
2018,Hungary,653,2243,2896,22.55
2018,Iceland,147,231,378,38.89
2018,India,1167,2849,4016,29.06
2018,Indonesia,60,96,156,38.46
2018,Ireland,817,1217,2034,40.17
2018,Israel,10,136,146,6.85
2018,Italy,487,1428,1915,25.43
2018,Japan,402,1608,2010,20.0
2018,Kazakhstan,529,1191,1720,30.76
2018,Lithuania,336,611,947,35.48
2018,Luxembourg,94,186,280,33.57
2018,Malaysia,68,253,321,21.18
2018,Malta,144,276,420,34.29
2018,Mexico,49,106,155,31.61
2018,Monaco,8,20,28,28.57
2018,Mongolia,128,288,416,30.77
2018,Morocco,25,80,105,23.81
2018,N.Ireland,112,212,324,34.57
2018,Netherlands,227,491,718,31.62
2018,New Zealand,648,955,1603,40.42
2018,Nicaragua,0,20,20,0.0
2018,Norway,915,1694,2609,35.07
2018,Paraguay,0,13,13,0.0
2018,Philippines,71,153,224,31.7
2018,Poland,407,1649,2056,19.8
2018,Portugal,18,123,141,12.77
2018,Romania,88,231,319,27.59
2018,Russia,9146,33931,43077,21.23
2018,Scotland,336,486,822,40.88
2018,Serbia,80,344,424,18.87
2018,Slovakia,194,1145,1339,14.49
2018,Slovenia,33,152,185,17.84
2018,South Africa,236,494,730,32.33
2018,Spain,194,616,810,23.95
2018,Sweden,637,1257,1894,33.63
2018,Switzerland,70,220,290,24.14
2018,Thailand,15,24,39,38.46
2018,Turkey,14,139,153,9.15
2018,UAE,131,348,479,27.35
2018,UK,805,1217,2022,39.81
2018,USA,44994,76349,121343,37.08
2018,Ukraine,1647,6808,8455,19.48
2018,Vietnam,17,79,96,17.71
2018,Wales,110,335,445,24.72
2019,Argentina,226,770,996,22.69
2019,Australia,2514,3674,6188,40.63
2019,Austria,219,733,952,23.0
2019,Belarus,130,751,881,14.76
2019,Belgium,132,723,855,15.44
2019,Bosnia and Herzegovina,11,64,75,14.67
2019,Brazil,117,368,485,24.12
2019,Canada,2872,4595,7467,38.46
2019,Chile,72,256,328,21.95
2019,China,22,118,140,15.71
2019,Colombia,23,53,76,30.26
2019,Costa Rica,87,136,223,39.01
2019,Croatia,95,351,446,21.3
2019,Czechia,382,1345,1727,22.12
2019,Denmark,204,650,854,23.89
2019,Egypt,88,120,208,42.31
2019,England,1786,3417,5203,34.33
2019,Estonia,181,499,680,26.62
2019,Finland,955,2285,3240,29.48
2019,France,1270,4331,5601,22.67
2019,Germany,1249,4997,6246,20.0
2019,Greece,97,625,722,13.43
2019,Guyana,13,93,106,12.26
2019,Hong Kong,73,232,305,23.93
2019,Hungary,667,1745,2412,27.65
2019,Iceland,86,137,223,38.57
2019,India,838,1836,2674,31.34
2019,Ireland,906,1530,2436,37.19
2019,Israel,51,136,187,27.27
2019,Italy,796,2226,3022,26.34
2019,Japan,1030,3075,4105,25.09
2019,Jordan,8,24,32,25.0
2019,Kazakhstan,534,1213,1747,30.57
2019,Kuwait,12,77,89,13.48
2019,Kyrgyzstan,132,500,632,20.89
2019,Lithuania,352,633,985,35.74
2019,Luxembourg,151,243,394,38.32
2019,Malaysia,34,115,149,22.82
2019,Mexico,49,167,216,22.69
2019,Monaco,16,51,67,23.88
2019,Mongolia,52,187,239,21.76
2019,N.Ireland,35,78,113,30.97
2019,Nauru,58,108,166,34.94
2019,Netherlands,260,551,811,32.06
2019,New Zealand,590,928,1518,38.87
2019,Nigeria,37,40,77,48.05
2019,Norway,777,1486,2263,34.33
2019,Panama,46,74,120,38.33
2019,Paraguay,1,13,14,7.14
2019,Peru,35,88,123,28.46
2019,Philippines,26,45,71,36.62
2019,Poland,719,2330,3049,23.58
2019,Portugal,50,205,255,19.61
2019,Romania,140,411,551,25.41
2019,Russia,9714,35640,45354,21.42
2019,Scotland,402,528,930,43.23
2019,Serbia,76,243,319,23.82
2019,Slovakia,380,1741,2121,17.92
2019,Slovenia,24,91,115,20.87
2019,South Africa,224,671,895,25.03
2019,Spain,268,1039,1307,20.5
2019,Sweden,1073,1778,2851,37.64
2019,Switzerland,92,278,370,24.86
2019,Thailand,55,118,173,31.79
2019,Turkey,12,193,205,5.85
2019,UAE,224,391,615,36.42
2019,UK,981,1491,2472,39.68
2019,USA,47114,78529,125643,37.5
2019,Uganda,6,41,47,12.77
2019,Ukraine,1626,6603,8229,19.76
2019,Uruguay,67,183,250,26.8
2019,Vietnam,34,106,140,24.29
2019,Wales,117,265,382,30.63
2020,Argentina,69,292,361,19.11
2020,Australia,1403,2227,3630,38.65
2020,Austria,59,173,232,25.43
2020,Belarus,21,107,128,16.41
2020,Belgium,54,246,300,18.0
2020,Brazil,88,190,278,31.65
2020,Canada,655,1196,1851,35.39
2020,China,72,380,452,15.93
2020,Croatia,33,97,130,25.38
2020,Czechia,169,905,1074,15.74
2020,Denmark,38,106,144,26.39
2020,England,614,1023,1637,37.51
2020,Estonia,69,178,247,27.94
2020,Finland,633,1367,2000,31.65
2020,France,534,1637,2171,24.6
2020,Germany,167,750,917,18.21
2020,Hong Kong,10,27,37,27.03
2020,Hungary,184,732,916,20.09
2020,Iceland,57,62,119,47.9
2020,Ireland,129,294,423,30.5
2020,Israel,6,16,22,27.27
2020,Italy,354,597,951,37.22
2020,Japan,152,576,728,20.88
2020,Latvia,0,39,39,0.0
2020,Lithuania,140,321,461,30.37
2020,Nauru,5,21,26,19.23
2020,Netherlands,104,253,357,29.13
2020,New Zealand,492,861,1353,36.36
2020,Nigeria,56,81,137,40.88
2020,Niue,4,10,14,28.57
2020,Norway,216,429,645,33.49
2020,Paraguay,6,29,35,17.14
2020,Philippines,22,66,88,25.0
2020,Poland,421,1516,1937,21.73
2020,Portugal,21,105,126,16.67
2020,Romania,52,190,242,21.49
2020,Russia,4346,14121,18467,23.53
2020,Scotland,77,138,215,35.81
2020,Serbia,25,46,71,35.21
2020,Slovakia,92,648,740,12.43
2020,Slovenia,7,16,23,30.43
2020,South Africa,33,60,93,35.48
2020,Spain,104,455,559,18.6
2020,Sweden,83,300,383,21.67
2020,Switzerland,52,101,153,33.99
2020,Thailand,26,78,104,25.0
2020,Turkey,21,255,276,7.61
2020,UAE,34,39,73,46.58
2020,UK,71,136,207,34.3
2020,US Virgin Islands,21,12,33,63.64
2020,USA,35172,55505,90677,38.79
2020,Ukraine,922,3520,4442,20.76
2020,Vietnam,42,106,148,28.38
2020,Wales,36,77,113,31.86
2021,Argentina,261,1001,1262,20.68
2021,Australia,1858,2948,4806,38.66
2021,Austria,170,528,698,24.36
2021,Belarus,42,140,182,23.08
2021,Belgium,67,265,332,20.18
2021,Belize,13,12,25,52.0
2021,Bolivia,28,34,62,45.16
2021,Brazil,164,653,817,20.07
2021,Bulgaria,7,38,45,15.56
2021,Canada,875,1493,2368,36.95
2021,Chile,77,206,283,27.21
2021,China,170,800,970,17.53
2021,Colombia,64,139,203,31.53
2021,Costa Rica,56,174,230,24.35
2021,Croatia,94,239,333,28.23
2021,Cyprus,5,28,33,15.15
2021,Czechia,317,1070,1387,22.86
2021,Denmark,128,393,521,24.57
2021,Ecuador,79,119,198,39.9
2021,Egypt,9,94,103,8.74
2021,England,1244,2401,3645,34.13
2021,Estonia,77,198,275,28.0
2021,Faroe Islands,1,6,7,14.29
2021,Finland,577,1390,1967,29.33
2021,France,688,1963,2651,25.95
2021,Georgia,298,421,719,41.45
2021,Germany,386,1277,1663,23.21
2021,Greece,50,185,235,21.28
2021,Guatemala,116,296,412,28.16
2021,Guyana,34,102,136,25.0
2021,Hong Kong,41,145,186,22.04
2021,Hungary,439,1240,1679,26.15
2021,Iceland,65,107,172,37.79
2021,India,529,896,1425,37.12
2021,Iran,0,41,41,0.0
2021,Ireland,256,458,714,35.85
2021,Israel,62,168,230,26.96
2021,Italy,545,1332,1877,29.04
2021,Jamaica,6,14,20,30.0
2021,Japan,214,672,886,24.15
2021,Kazakhstan,101,447,548,18.43
2021,Kyrgyzstan,60,330,390,15.38
2021,Lithuania,413,855,1268,32.57
2021,Luxembourg,36,54,90,40.0
2021,Mexico,131,341,472,27.75
2021,N.Ireland,50,133,183,27.32
2021,Netherlands,201,408,609,33.0
2021,New Zealand,457,758,1215,37.61
2021,Niue,2,9,11,18.18
2021,Norway,531,913,1444,36.77
2021,Poland,996,3657,4653,21.41
2021,Portugal,99,317,416,23.8
2021,Romania,128,307,435,29.43
2021,Russia,4780,15596,20376,23.46
2021,Scotland,110,218,328,33.54
2021,Serbia,107,275,382,28.01
2021,Singapore,29,82,111,26.13
2021,Slovakia,56,463,519,10.79
2021,Slovenia,78,160,238,32.77
2021,South Africa,390,808,1198,32.55
2021,Spain,331,1055,1386,23.88
2021,Sweden,656,1026,1682,39.0
2021,Switzerland,75,180,255,29.41
2021,Thailand,28,77,105,26.67
2021,Turkey,136,451,587,23.17
2021,UAE,60,108,168,35.71
2021,UK,415,804,1219,34.04
2021,US Virgin Islands,31,27,58,53.45
2021,USA,38571,66814,105385,36.6
2021,Uganda,7,82,89,7.87
2021,Ukraine,760,2405,3165,24.01
2021,Wales,86,227,313,27.48
2022,Argentina,511,1238,1749,29.22
2022,Australia,2875,4526,7401,38.85
2022,Austria,319,831,1150,27.74
2022,Belarus,17,149,166,10.24
2022,Belgium,220,767,987,22.29
2022,Belize,21,29,50,42.0
2022,Brazil,596,1392,1988,29.98
2022,Brunei,2,35,37,5.41
2022,Bulgaria,54,265,319,16.93
2022,Cameroon,6,30,36,16.67
2022,Canada,2170,3760,5930,36.59
2022,Chile,43,141,184,23.37
2022,China,118,592,710,16.62
2022,Colombia,131,154,285,45.96
2022,Costa Rica,163,522,685,23.8
2022,Croatia,125,401,526,23.76
2022,Cyprus,11,56,67,16.42
2022,Czechia,524,1722,2246,23.33
2022,Denmark,306,764,1070,28.6
2022,Dominican Republic,12,37,49,24.49
2022,Egypt,65,157,222,29.28
2022,England,2057,4213,6270,32.81
2022,Faroe Islands,7,26,33,21.21
2022,Finland,899,1857,2756,32.62
2022,France,1277,3816,5093,25.07
2022,Germany,845,2773,3618,23.36
2022,Greece,128,405,533,24.02
2022,Guyana,42,113,155,27.1
2022,Hong Kong,28,95,123,22.76
2022,Hungary,673,1614,2287,29.43
2022,Iceland,74,175,249,29.72
2022,India,1049,1879,2928,35.83
2022,Ireland,554,816,1370,40.44
2022,Isle of Man,35,21,56,62.5
2022,Israel,126,366,492,25.61
2022,Italy,1241,2640,3881,31.98
2022,Jamaica,29,66,95,30.53
2022,Japan,180,583,763,23.59
2022,Kazakhstan,249,734,983,25.33
2022,Lithuania,300,711,1011,29.67
2022,Luxembourg,71,128,199,35.68
2022,Malaysia,105,226,331,31.72
2022,Mexico,532,1369,1901,27.99
2022,Monaco,6,25,31,19.35
2022,Mongolia,56,149,205,27.32
2022,Morocco,15,38,53,28.3
2022,N.Ireland,223,305,528,42.23
2022,Nepal,16,28,44,36.36
2022,Netherlands,494,952,1446,34.16
2022,New Zealand,828,1255,2083,39.75
2022,Norway,882,1721,2603,33.88
2022,Panama,83,139,222,37.39
2022,Philippines,103,357,460,22.39
2022,Poland,1324,3895,5219,25.37
2022,Portugal,20,64,84,23.81
2022,Puerto Rico,24,52,76,31.58
2022,Romania,95,247,342,27.78
2022,Russia,1562,4738,6300,24.79
2022,Saudi Arabia,38,62,100,38.0
2022,Scotland,486,685,1171,41.5
2022,Serbia,153,343,496,30.85
2022,Singapore,62,178,240,25.83
2022,Slovakia,402,1835,2237,17.97
2022,Slovenia,73,251,324,22.53
2022,South Africa,349,648,997,35.01
2022,South Korea,48,116,164,29.27
2022,Spain,756,1820,2576,29.35
2022,Sweden,653,1260,1913,34.13
2022,Switzerland,136,315,451,30.16
2022,Thailand,13,25,38,34.21
2022,Turkey,285,523,808,35.27
2022,UAE,180,411,591,30.46
2022,UK,810,1394,2204,36.75
2022,US Virgin Islands,43,28,71,60.56
2022,USA,56800,89577,146377,38.8
2022,Uganda,0,12,12,0.0
2022,Ukraine,256,540,796,32.16
2022,Vietnam,23,98,121,19.01
2022,Wales,152,322,474,32.07
2023,Algeria,20,57,77,25.97
2023,Argentina,899,2271,3170,28.36
2023,Armenia,17,197,214,7.94
2023,Australia,3289,5236,8525,38.58
2023,Austria,436,1339,1775,24.56
2023,Belarus,2,20,22,9.09
2023,Belgium,426,1372,1798,23.69
2023,Belize,21,31,52,40.38
2023,Brazil,516,1541,2057,25.09
2023,Brunei,20,68,88,22.73
2023,Bulgaria,114,508,622,18.33
2023,Canada,2843,5057,7900,35.99
2023,Cayman Islands,137,144,281,48.75
2023,Chile,117,225,342,34.21
2023,China,579,2387,2966,19.52
2023,Colombia,295,279,574,51.39
2023,Costa Rica,312,859,1171,26.64
2023,Croatia,227,529,756,30.03
2023,Cyprus,11,43,54,20.37
2023,Czechia,710,2043,2753,25.79
2023,Denmark,307,764,1071,28.66
2023,Dominican Republic,28,67,95,29.47
2023,Egypt,58,466,524,11.07
2023,England,2905,5695,8600,33.78
2023,Estonia,100,98,198,50.51
2023,Faroe Islands,9,29,38,23.68
2023,Finland,909,1977,2886,31.5
2023,France,2133,5421,7554,28.24
2023,Georgia,4,20,24,16.67
2023,Germany,1202,3338,4540,26.48
2023,Greece,93,359,452,20.58
2023,Guatemala,91,171,262,34.73
2023,Guyana,18,83,101,17.82
2023,Hong Kong,111,200,311,35.69
2023,Hungary,1151,2457,3608,31.9
2023,Iceland,194,329,523,37.09
2023,India,988,1749,2737,36.1
2023,Ireland,670,1175,1845,36.31
2023,Isle of Man,34,25,59,57.63
2023,Israel,144,353,497,28.97
2023,Italy,1488,3223,4711,31.59
2023,Jamaica,56,100,156,35.9
2023,Japan,247,727,974,25.36
2023,Kuwait,23,63,86,26.74
2023,Latvia,54,248,302,17.88
2023,Lebanon,36,107,143,25.17
2023,Lithuania,319,739,1058,30.15
2023,Luxembourg,39,91,130,30.0
2023,Madagascar,8,34,42,19.05
2023,Malaysia,229,471,700,32.71
2023,Malta,181,225,406,44.58
2023,Mexico,288,681,969,29.72
2023,Monaco,1,18,19,5.26
2023,Mongolia,155,251,406,38.18
2023,N.Ireland,243,336,579,41.97
2023,Nepal,38,118,156,24.36
2023,Netherlands,695,1376,2071,33.56
2023,New Zealand,748,1129,1877,39.85
2023,Nicaragua,72,120,192,37.5
2023,Niue,31,58,89,34.83
2023,Norway,1006,1737,2743,36.68
2023,Paraguay,4,22,26,15.38
2023,Peru,155,328,483,32.09
2023,Philippines,89,335,424,20.99
2023,Poland,1353,4589,5942,22.77
2023,Portugal,79,210,289,27.34
2023,Qatar,18,48,66,27.27
2023,Romania,347,551,898,38.64
2023,Russia,381,1051,1432,26.61
2023,Saudi Arabia,30,134,164,18.29
2023,Scotland,500,833,1333,37.51
2023,Serbia,79,214,293,26.96
2023,Singapore,176,542,718,24.51
2023,Slovakia,391,1516,1907,20.5
2023,Slovenia,178,423,601,29.62
2023,Solomon Islands,32,54,86,37.21
2023,South Africa,493,985,1478,33.36
2023,South Korea,251,582,833,30.13
2023,Spain,791,1902,2693,29.37
2023,Sweden,710,1154,1864,38.09
2023,Switzerland,152,497,649,23.42
2023,Taiwan,293,581,874,33.52
2023,Thailand,45,143,188,23.94
2023,Turkey,50,381,431,11.6
2023,UAE,174,484,658,26.44
2023,UK,1025,1655,2680,38.25
2023,US Virgin Islands,22,17,39,56.41
2023,USA,63201,100212,163413,38.68
2023,Ukraine,366,1116,1482,24.7
2023,Vietnam,56,221,277,20.22
2023,Wales,163,444,607,26.85
2024,Argentina,831,1746,2577,32.25
2024,Armenia,7,126,133,5.26
2024,Australia,3413,5222,8635,39.53
2024,Austria,381,958,1339,28.45
2024,Belgium,430,1329,1759,24.45
2024,Belize,14,19,33,42.42
2024,Bolivia,24,59,83,28.92
2024,Brazil,530,1411,1941,27.31
2024,Brunei,10,28,38,26.32
2024,Bulgaria,89,458,547,16.27
2024,Canada,2920,5118,8038,36.33
2024,Chile,122,347,469,26.01
2024,China,696,2985,3681,18.91
2024,Colombia,298,685,983,30.32
2024,Costa Rica,55,102,157,35.03
2024,Croatia,298,568,866,34.41
2024,Cyprus,13,43,56,23.21
2024,Czechia,964,2115,3079,31.31
2024,Denmark,296,814,1110,26.67
2024,Dominican Republic,20,54,74,27.03
2024,Egypt,80,509,589,13.58
2024,England,3501,6434,9935,35.24
2024,Estonia,80,124,204,39.22
2024,Faroe Islands,4,20,24,16.67
2024,Finland,1114,2219,3333,33.42
2024,France,2313,5421,7734,29.91
2024,Germany,1665,4405,6070,27.43
2024,Greece,217,524,741,29.28
2024,Guyana,34,112,146,23.29
2024,Hong Kong,167,299,466,35.84
2024,Hungary,614,1466,2080,29.52
2024,Iceland,285,402,687,41.48
2024,India,1333,2366,3699,36.04
2024,Ireland,733,1353,2086,35.14
2024,Isle of Man,18,22,40,45.0
2024,Israel,100,318,418,23.92
2024,Italy,1478,3548,5026,29.41
2024,Jamaica,53,72,125,42.4
2024,Japan,267,760,1027,26.0
2024,Kazakhstan,3,14,17,17.65
2024,Kuwait,30,97,127,23.62
2024,Kyrgyzstan,82,142,224,36.61
2024,Latvia,91,246,337,27.0
2024,Lithuania,397,900,1297,30.61
2024,Luxembourg,185,275,460,40.22
2024,Madagascar,45,146,191,23.56
2024,Malaysia,134,362,496,27.02
2024,Malta,421,518,939,44.83
2024,Mexico,814,1832,2646,30.76
2024,Morocco,0,45,45,0.0
2024,N.Ireland,225,373,598,37.63
2024,Namibia,1,12,13,7.69
2024,Nauru,46,108,154,29.87
2024,Nepal,19,47,66,28.79
2024,Netherlands,881,1883,2764,31.87
2024,New Zealand,873,1226,2099,41.59
2024,Norway,979,1669,2648,36.97
2024,Panama,86,192,278,30.94
2024,Peru,49,58,107,45.79
2024,Philippines,382,1410,1792,21.32
2024,Poland,1560,5490,7050,22.13
2024,Portugal,113,295,408,27.7
2024,Qatar,47,134,181,25.97
2024,Romania,87,197,284,30.63
2024,Russia,132,292,424,31.13
2024,Saudi Arabia,86,183,269,31.97
2024,Scotland,531,761,1292,41.1
2024,Serbia,109,304,413,26.39
2024,Singapore,172,450,622,27.65
2024,Slovakia,614,2292,2906,21.13
2024,Slovenia,91,241,332,27.41
2024,South Africa,871,1258,2129,40.91
2024,South Korea,270,678,948,28.48
2024,Spain,868,2032,2900,29.93
2024,Sweden,705,1151,1856,37.98
2024,Switzerland,176,365,541,32.53
2024,Taiwan,183,417,600,30.5
2024,Thailand,52,117,169,30.77
2024,Turkey,321,610,931,34.48
2024,UAE,165,307,472,34.96
2024,UK,377,434,811,46.49
2024,US Virgin Islands,18,13,31,58.06
2024,USA,66903,99832,166735,40.13
2024,Ukraine,624,1810,2434,25.64
2024,Uzbekistan,116,203,319,36.36
2024,Vietnam,86,273,359,23.96
2024,Wales,420,917,1337,31.41
2025,Algeria,61,224,285,21.4
2025,Argentina,866,1970,2836,30.54
2025,Australia,3252,5091,8343,38.98
2025,Austria,461,1058,1519,30.35
2025,Belgium,340,1076,1416,24.01
2025,Bolivia,30,66,96,31.25
2025,Brazil,1113,3205,4318,25.78
2025,Brunei,7,33,40,17.5
2025,Bulgaria,29,128,157,18.47
2025,Canada,2953,5004,7957,37.11
2025,Cayman Islands,116,169,285,40.7
2025,Chile,311,904,1215,25.6
2025,China,841,3420,4261,19.74
2025,Colombia,424,1003,1427,29.71
2025,Costa Rica,330,558,888,37.16
2025,Croatia,218,438,656,33.23
2025,Czechia,728,1719,2447,29.75
2025,Denmark,242,708,950,25.47
2025,Dominican Republic,16,55,71,22.54
2025,Ecuador,8,19,27,29.63
2025,Egypt,98,575,673,14.56
2025,England,3426,6108,9534,35.93
2025,Faroe Islands,4,23,27,14.81
2025,Finland,1094,1990,3084,35.47
2025,France,2380,5071,7451,31.94
2025,Germany,1580,3940,5520,28.62
2025,Greece,157,488,645,24.34
2025,Guyana,28,112,140,20.0
2025,Honduras,17,39,56,30.36
2025,Hong Kong,242,325,567,42.68
2025,Hungary,605,1606,2211,27.36
2025,Iceland,198,336,534,37.08
2025,India,801,1906,2707,29.59
2025,Ireland,557,1088,1645,33.86
2025,Isle of Man,25,20,45,55.56
2025,Israel,67,221,288,23.26
2025,Italy,1500,3557,5057,29.66
2025,Jamaica,32,66,98,32.65
2025,Japan,593,1235,1828,32.44
2025,Kuwait,20,79,99,20.2
2025,Latvia,81,304,385,21.04
2025,Lithuania,522,1055,1577,33.1
2025,Luxembourg,158,237,395,40.0
2025,Madagascar,14,45,59,23.73
2025,Malaysia,187,397,584,32.02
2025,Malta,331,489,820,40.37
2025,Mexico,493,1251,1744,28.27
2025,N.Ireland,139,283,422,32.94
2025,Nepal,60,167,227,26.43
2025,Netherlands,719,1426,2145,33.52
2025,New Zealand,759,1163,1922,39.49
2025,Norway,1360,2297,3657,37.19
2025,Panama,103,195,298,34.56
2025,Peru,20,76,96,20.83
2025,Philippines,200,818,1018,19.65
2025,Poland,1852,6297,8149,22.73
2025,Portugal,82,197,279,29.39
2025,Puerto Rico,16,61,77,20.78
2025,Qatar,44,183,227,19.38
2025,Romania,169,322,491,34.42
2025,Russia,798,2592,3390,23.54
2025,Saudi Arabia,63,121,184,34.24
2025,Scotland,570,884,1454,39.2
2025,Serbia,135,526,661,20.42
2025,Singapore,215,544,759,28.33
2025,Slovakia,422,1374,1796,23.5
2025,Slovenia,84,211,295,28.47
2025,South Africa,514,974,1488,34.54
2025,South Korea,362,597,959,37.75
2025,Spain,1238,2897,4135,29.94
2025,Sri Lanka,126,260,386,32.64
2025,Sweden,1319,2298,3617,36.47
2025,Switzerland,163,348,511,31.9
2025,Taiwan,165,410,575,28.7
2025,Thailand,55,123,178,30.9
2025,Trinidad and Tobago,5,25,30,16.67
2025,Tunisia,51,119,170,30.0
2025,Turkey,245,489,734,33.38
2025,UAE,143,270,413,34.62
2025,UK,941,1263,2204,42.7
2025,US Virgin Islands,13,15,28,46.43
2025,USA,61177,90594,151771,40.31
2025,Ukraine,605,1670,2275,26.59
2025,Venezuela,45,136,181,24.86
2025,Vietnam,183,542,725,25.24
2025,Wales,160,370,530,30.19
2026,Algeria,0,126,126,0.0
2026,Argentina,564,1192,1756,32.12
2026,Australia,1468,2428,3896,37.68
2026,Austria,286,766,1052,27.19
2026,Belgium,141,464,605,23.31
2026,Belize,17,25,42,40.48
2026,Bolivia,13,43,56,23.21
2026,Brazil,283,718,1001,28.27
2026,Brunei,2,12,14,14.29
2026,Canada,1511,2488,3999,37.78
2026,Chile,79,246,325,24.31
2026,China,332,1048,1380,24.06
2026,Colombia,247,620,867,28.49
2026,Costa Rica,30,67,97,30.93
2026,Croatia,105,218,323,32.51
2026,Czechia,358,774,1132,31.63
2026,Denmark,135,376,511,26.42
2026,Dominican Republic,13,31,44,29.55
2026,Ecuador,2,7,9,22.22
2026,England,2046,3820,5866,34.88
2026,Faroe Islands,2,9,11,18.18
2026,Finland,745,1181,1926,38.68
2026,France,1186,3058,4244,27.95
2026,Germany,680,2039,2719,25.01
2026,Greece,91,250,341,26.69
2026,Guyana,4,37,41,9.76
2026,Honduras,5,16,21,23.81
2026,Hungary,265,726,991,26.74
2026,Iceland,100,171,271,36.9
2026,India,723,1595,2318,31.19
2026,Ireland,448,1004,1452,30.85
2026,Isle of Man,5,3,8,62.5
2026,Israel,34,106,140,24.29
2026,Italy,1541,3419,4960,31.07
2026,Jamaica,12,31,43,27.91
2026,Japan,235,458,693,33.91
2026,Latvia,34,83,117,29.06
2026,Lithuania,297,471,768,38.67
2026,Luxembourg,39,43,82,47.56
2026,Madagascar,12,43,55,21.82
2026,Malaysia,86,137,223,38.57
2026,Malta,134,178,312,42.95
2026,Mexico,342,860,1202,28.45
2026,Morocco,8,34,42,19.05
2026,N.Ireland,111,215,326,34.05
2026,Netherlands,308,687,995,30.95
2026,New Zealand,297,488,785,37.83
2026,Norway,358,742,1100,32.55
2026,Panama,31,65,96,32.29
2026,Philippines,54,102,156,34.62
2026,Poland,1493,4300,5793,25.77
2026,Portugal,40,101,141,28.37
2026,Puerto Rico,28,88,116,24.14
2026,Qatar,22,72,94,23.4
2026,Romania,23,53,76,30.26
2026,Russia,1124,3352,4476,25.11
2026,Scotland,414,484,898,46.1
2026,Serbia,26,142,168,15.48
2026,Singapore,86,193,279,30.82
2026,Slovakia,82,378,460,17.83
2026,Slovenia,32,79,111,28.83
2026,South Africa,104,232,336,30.95
2026,South Korea,42,91,133,31.58
2026,Spain,362,819,1181,30.65
2026,Sweden,533,1036,1569,33.97
2026,Switzerland,122,250,372,32.8
2026,Thailand,18,53,71,25.35
2026,Trinidad and Tobago,17,104,121,14.05
2026,Turkey,27,221,248,10.89
2026,UAE,34,94,128,26.56
2026,UK,459,760,1219,37.65
2026,US Virgin Islands,14,15,29,48.28
2026,USA,53222,70943,124165,42.86
2026,Ukraine,429,984,1413,30.36
2026,Vietnam,58,146,204,28.43
2026,Wales,91,220,311,29.26
