anio,Equipment,n_hombres,total_medio_m,total_p50_m,peso_medio_m,dots_medio_m,fuerza_rel_media_m,fuerza_rel_p50_m
1964,Wraps,21,563.211,580.6,81.9829,397.921,7.1133,7.1819
1965,Raw,3,435.5233,389.41,55.71,391.2233,7.8085,7.0394
1965,Wraps,35,572.706,566.99,79.1183,404.7703,7.3166,7.3949
1966,Raw,7,504.6429,510.0,85.1429,344.0514,6.089,5.6667
1966,Wraps,47,566.6864,564.72,75.3496,410.4764,7.5558,7.5417
1967,Raw,2,545.985,545.985,61.75,452.825,8.8721,8.8721
1967,Wraps,80,553.8564,540.0,74.9441,402.7122,7.4205,7.5563
1968,Raw,2,572.665,572.665,67.5,445.735,8.5541,8.5541
1968,Wraps,65,590.2492,590.0,80.5322,412.884,7.4159,7.7679
1969,Raw,2,571.265,571.265,69.25,442.2,8.3799,8.3799
1969,Wraps,49,596.4541,585.13,76.6484,432.5643,7.9053,7.9631
1970,Raw,5,666.166,534.11,79.486,486.93,8.6879,8.92
1970,Wraps,76,613.2605,613.75,78.1143,438.6064,7.945,7.9708
1971,Raw,4,705.1025,679.255,88.5275,489.5325,8.3737,8.4726
1971,Wraps,117,590.1997,572.5,78.755,418.7215,7.5832,7.6973
1972,Raw,4,557.465,545.675,61.425,466.6925,9.1386,9.1793
1972,Wraps,176,572.802,571.25,77.6886,408.6209,7.4123,7.5022
1973,Raw,49,671.0202,680.39,84.7094,459.362,8.0593,8.2025
1973,Wraps,94,559.24,578.03,77.2255,399.4632,7.2719,7.6836
1974,Raw,35,555.9714,553.38,81.8171,384.6834,6.8335,6.625
1974,Wraps,441,512.9732,497.5,76.9984,366.2339,6.683,6.4846
1975,Wraps,481,537.4272,522.5,78.01,383.6238,6.9507,6.9583
1976,Raw,32,561.07,582.5,80.9859,395.9272,7.1291,7.1536
1976,Wraps,702,499.1826,480.405,76.4933,358.8792,6.5489,6.544
1977,Raw,4,456.25,540.0,56.225,410.4775,8.1936,9.7303
1977,Single-ply,425,572.5111,565.0,79.3555,404.8033,7.2892,7.4
1977,Wraps,541,474.2923,480.81,75.3713,343.2573,6.276,6.3333
1978,Raw,2,567.5,567.5,57.5,498.305,9.9053,9.9053
1978,Single-ply,598,603.2843,592.5,81.2481,419.5548,7.4899,7.5556
1978,Wraps,2,506.25,506.25,52.7,480.085,9.6312,9.6312
1979,Raw,5,475.7,448.5,82.58,375.326,6.9342,5.8654
1979,Single-ply,2272,545.3028,537.51,81.4904,378.5572,6.7495,6.6937
1979,Wraps,1,565.0,565.0,51.9,542.14,10.8863,10.8863
1980,Raw,4,564.655,563.405,72.9,438.615,8.266,8.2248
1980,Single-ply,14926,521.5225,519.36,82.1326,359.8764,6.3951,6.373
1980,Wraps,33,552.3485,550.0,73.807,404.393,7.5047,7.4285
1981,Raw,11,351.1064,342.46,94.6818,226.7882,3.7412,3.62
1981,Single-ply,15489,534.8594,530.7,83.0066,366.8643,6.4908,6.4773
1982,Raw,11,435.4327,395.0,99.1964,278.2191,4.5755,4.0823
1982,Single-ply,16759,550.9656,547.5,83.7987,376.0736,6.6308,6.6252
1983,Raw,14,413.6093,411.25,91.6786,274.1421,4.7189,4.245
1983,Single-ply,18920,553.0864,550.0,84.0202,376.7825,6.6354,6.627
1983,Wraps,16,242.5475,183.705,61.9688,197.3688,3.7186,3.4019
1984,Raw,12,313.0533,331.12,97.4083,198.7925,3.3015,2.952
1984,Single-ply,19075,556.0834,555.74,84.8881,376.9277,6.611,6.6136
1985,Raw,3,498.0,502.5,106.0667,324.24,5.2708,4.14
1985,Single-ply,17968,560.1698,560.19,85.5545,378.4479,6.6194,6.6389
1986,Raw,1,440.0,440.0,110.0,260.6,4.0,4.0
1986,Single-ply,4858,608.2486,607.5,86.7069,408.8884,7.1147,7.0933
1987,Single-ply,4636,601.3343,597.5,86.4536,405.0378,7.0577,7.0415
1987,Wraps,2,697.5,697.5,134.72,386.46,5.1774,5.1774
1988,Raw,6,441.4583,407.1,103.05,269.8117,4.3042,4.1889
1988,Single-ply,5177,609.0441,610.0,86.6199,410.473,7.1485,7.1429
1988,Wraps,3,464.1833,474.01,82.5,314.4333,5.6265,5.7456
1989,Single-ply,5974,588.0931,585.13,85.7179,398.3082,6.9656,6.9825
1989,Wraps,21,419.2495,401.43,82.0,288.2976,5.1719,4.8687
1990,Raw,3,443.3333,445.0,51.9667,427.69,8.5797,8.8469
1990,Single-ply,6022,593.1587,592.5,85.6339,402.8263,7.054,7.0718
1991,Raw,5,477.2,490.0,48.52,489.92,9.8425,9.7826
1991,Single-ply,5884,589.4704,588.585,85.5027,399.9816,7.0053,6.9667
1991,Wraps,1,495.0,495.0,49.8,494.37,9.9398,9.9398
1992,Multi-ply,33,817.6515,845.0,103.6667,507.5833,8.1124,8.4318
1992,Raw,5,519.5,517.5,51.8,503.504,10.0895,10.2885
1992,Single-ply,5851,599.0288,601.01,85.9517,406.0316,7.0984,7.1212
1992,Wraps,2,696.27,696.27,125.0,394.62,5.5702,5.5702
1993,Multi-ply,246,674.9428,668.39,93.8824,434.7068,7.294,7.2746
1993,Raw,11,354.8182,285.0,68.0136,309.0673,5.9993,4.8718
1993,Single-ply,6094,578.1676,575.0,85.8269,391.7096,6.8535,6.8375
1993,Wraps,1,665.0,665.0,82.5,450.47,8.0606,8.0606
1994,Multi-ply,556,659.3521,646.37,95.3328,422.8762,7.0442,7.0264
1994,Raw,29,515.8855,496.68,81.8793,369.0217,6.6583,6.0204
1994,Single-ply,4622,597.6115,600.0,86.2493,404.0063,7.0521,7.0472
1995,Multi-ply,553,672.8774,675.0,98.0928,425.858,6.9836,6.9667
1995,Raw,40,492.8545,501.25,91.6185,331.534,5.6576,5.2026
1995,Single-ply,7476,579.8005,582.5,87.359,388.538,6.7493,6.7422
1995,Wraps,2,1055.0,1055.0,183.89,538.21,5.7372,5.7372
1996,Multi-ply,657,671.0873,678.12,93.9954,432.3471,7.2432,7.2333
1996,Raw,160,547.5626,556.25,95.1106,353.6922,5.9146,5.9593
1996,Single-ply,5820,587.756,590.0,87.027,395.2497,6.8757,6.8422
1997,Multi-ply,666,664.1057,674.72,96.5286,422.124,6.9673,6.9811
1997,Raw,309,533.6593,542.04,95.68,342.5597,5.705,5.7181
1997,Single-ply,6178,589.6863,595.0,88.054,393.8592,6.8155,6.8126
1997,Wraps,58,432.5169,456.995,84.0817,292.7457,5.1346,5.1279
1998,Multi-ply,1162,642.0234,646.935,97.1565,406.565,6.6947,6.7613
1998,Raw,414,491.9796,493.46,92.3097,320.3471,5.3965,5.5611
1998,Single-ply,6289,592.0768,595.0,88.3037,394.7559,6.8192,6.801
1998,Wraps,93,539.1548,544.31,89.877,352.9082,6.0649,6.0599
1999,Multi-ply,886,661.1337,664.755,98.7811,415.6019,6.78,6.8248
1999,Raw,472,466.6246,480.0,87.7349,311.5535,5.365,5.3536
1999,Single-ply,6629,595.3305,595.0,88.4242,396.5532,6.8455,6.825
1999,Wraps,65,529.4025,540.0,90.0315,346.6912,5.8997,5.7546
2000,Multi-ply,1156,646.6193,652.5,96.9471,409.3921,6.7479,6.7627
2000,Raw,742,492.6139,505.0,89.1337,325.6685,5.5735,5.5548
2000,Single-ply,7348,577.56,577.5,85.9028,390.9302,6.8281,6.7736
2000,Wraps,94,540.2847,562.455,95.1013,343.4855,5.6861,6.0444
2001,Multi-ply,1275,647.3043,659.98,96.0562,411.1085,6.7795,6.8542
2001,Raw,675,467.0379,485.0,85.5631,314.7238,5.4617,5.5
2001,Single-ply,8711,573.2485,572.5,86.2241,387.2779,6.7532,6.6969
2001,Wraps,139,530.2871,560.0,92.2156,343.4599,5.7586,5.8464
2002,Multi-ply,1350,687.6783,684.965,99.1544,431.0535,7.0163,6.9328
2002,Raw,816,484.2367,490.0,87.7275,325.0114,5.6217,5.6789
2002,Single-ply,10391,583.1471,585.0,87.2383,391.5728,6.7964,6.7727
2002,Wraps,241,396.8096,356.07,82.4912,271.8256,4.753,4.8047
2003,Multi-ply,1476,668.8734,688.0,97.3833,422.496,6.9298,7.0682
2003,Raw,679,515.4673,510.0,90.3244,339.9855,5.8119,5.8519
2003,Single-ply,11825,581.5422,580.6,87.7971,389.4335,6.7421,6.7337
2003,Wraps,57,492.5682,500.0,90.7579,322.4323,5.4601,5.3759
2004,Multi-ply,1625,681.0556,680.4,97.2021,430.8059,7.0807,7.1107
2004,Raw,784,483.8238,490.0,87.851,322.5582,5.5626,5.5556
2004,Single-ply,11285,590.6575,591.94,87.9917,394.3917,6.8199,6.822
2004,Wraps,98,505.0386,512.645,90.0623,328.7627,5.5889,5.7112
2005,Multi-ply,1725,706.4374,707.6,97.9054,445.6011,7.3078,7.286
2005,Raw,847,481.2099,480.0,87.4239,321.0006,5.5598,5.6135
2005,Single-ply,11251,589.3473,590.0,87.5542,394.2176,6.826,6.821
2005,Wraps,81,504.5007,498.95,90.3932,329.8981,5.5917,5.5455
2006,Multi-ply,1999,684.0238,690.0,95.749,434.8188,7.1906,7.189
2006,Raw,947,508.5062,515.5,90.563,333.0006,5.6618,5.8023
2006,Single-ply,10860,587.5204,585.13,87.8135,392.8486,6.7975,6.7651
2006,Wraps,138,534.6624,545.445,95.9825,340.757,5.6401,5.6985
2007,Multi-ply,2472,690.2916,685.0,95.8251,439.4429,7.2677,7.2577
2007,Raw,1157,481.1699,477.5,89.115,318.1524,5.4603,5.5218
2007,Single-ply,11329,593.1267,595.0,87.8338,396.7894,6.8694,6.8426
2007,Wraps,281,535.9067,532.97,95.0375,342.8962,5.7068,5.75
2008,Multi-ply,2522,686.9737,692.5,96.1583,436.0956,7.1983,7.2098
2008,Raw,1622,516.9773,520.0,91.4828,337.2768,5.7192,5.8148
2008,Single-ply,11542,594.0733,593.0,88.1056,396.0223,6.8405,6.8369
2008,Wraps,691,523.0294,530.7,91.5058,341.1666,5.7781,5.8115
2009,Multi-ply,2551,692.2709,691.73,96.5384,438.902,7.2419,7.2394
2009,Raw,2276,522.9555,517.5,90.1463,343.0586,5.8549,5.8678
2009,Single-ply,10598,605.5785,605.0,88.8227,401.9422,6.9173,6.9351
2009,Wraps,1372,519.5849,520.0,91.2431,338.5907,5.7281,5.7497
2010,Multi-ply,2466,686.1647,682.5,96.5587,434.4486,7.1584,7.1668
2010,Raw,3319,521.2002,523.0,90.8118,340.4925,5.7898,5.8239
2010,Single-ply,35132,490.3821,471.74,85.1488,335.3586,5.881,5.7396
2010,Wraps,1753,545.1933,540.0,92.6606,353.0679,5.9403,5.9194
2011,Multi-ply,2306,693.2812,690.0,96.9825,438.2851,7.2119,7.2175
2011,Raw,6252,519.4308,520.0,89.3427,342.3938,5.8728,5.8966
2011,Single-ply,35756,486.1904,467.2,84.6242,333.5069,5.8602,5.7134
2011,Wraps,2696,552.0803,552.5,93.7429,354.8055,5.9437,5.9833
2012,Multi-ply,2348,703.2595,710.0,96.845,444.4755,7.3232,7.35
2012,Raw,9447,520.3777,522.5,89.7706,341.9591,5.8467,5.858
2012,Single-ply,36094,487.5376,469.47,85.111,333.4344,5.847,5.7257
2012,Wraps,3675,553.6986,553.38,93.1833,356.9481,5.9975,6.0197
2013,Multi-ply,2108,704.1388,710.0,97.5465,443.9571,7.2941,7.2853
2013,Raw,14068,519.2302,520.0,89.1162,342.7541,5.8861,5.9034
2013,Single-ply,35321,491.1353,471.74,85.5146,335.3603,5.8721,5.7363
2013,Wraps,6031,564.4007,565.0,94.6764,361.0975,6.023,6.0479
2014,Multi-ply,1654,721.6397,725.625,98.1147,453.9211,7.4382,7.4892
2014,Raw,22204,521.8755,522.5,89.1457,344.7302,5.9249,5.9409
2014,Single-ply,35694,495.7925,478.54,85.8419,337.788,5.9049,5.7901
2014,Unlimited,24,644.1667,607.5,96.5042,405.4583,6.6591,6.5822
2014,Wraps,8782,576.6478,572.5,94.8365,368.8358,6.1541,6.1533
2015,Multi-ply,1433,724.8696,730.0,99.1689,453.5466,7.3957,7.3661
2015,Raw,30390,528.639,530.0,89.0265,349.4529,6.0174,6.0325
2015,Single-ply,36679,490.8888,474.0,85.8482,334.6022,5.849,5.7226
2015,Wraps,12160,586.1027,585.0,95.0911,374.4141,6.2417,6.2366
2016,Multi-ply,1049,761.6954,770.0,100.9724,472.973,7.6452,7.5897
2016,Raw,38265,529.6483,530.0,88.9543,350.3933,6.0381,6.0616
2016,Single-ply,37249,490.3948,474.0,86.1963,333.6585,5.8223,5.6963
2016,Wraps,14440,587.6267,585.13,95.4399,374.5804,6.2316,6.25
2017,Multi-ply,1036,744.4878,745.0,101.7621,460.8014,7.4062,7.3794
2017,Raw,45178,532.1611,532.5,88.925,352.1014,6.0685,6.0936
2017,Single-ply,35442,492.1877,476.27,86.5258,334.3956,5.8282,5.7059
2017,Unlimited,15,682.8333,615.0,102.5867,421.6807,6.7625,6.243
2017,Wraps,15026,595.7742,592.5,96.0381,378.8447,6.282,6.3001
2018,Multi-ply,1010,748.8083,752.73,102.1471,462.2011,7.4114,7.3936
2018,Raw,53170,533.3803,535.0,89.052,352.5642,6.0721,6.0968
2018,Single-ply,32558,485.4607,471.74,86.3272,331.029,5.7783,5.665
2018,Unlimited,24,677.0,671.5,92.0646,439.2962,7.4625,7.2021
2018,Wraps,15614,596.7681,596.47,96.1372,378.9811,6.2784,6.2905
2019,Multi-ply,979,753.5643,765.0,103.5947,462.3152,7.3483,7.3812
2019,Raw,58296,536.1016,537.5,89.1387,354.2459,6.0997,6.1256
2019,Single-ply,32666,482.0674,467.2,86.61,328.2112,5.7229,5.6062
2019,Unlimited,18,707.9128,698.75,100.3739,438.5317,7.0974,6.4546
2019,Wraps,16396,595.7,597.5,96.3596,377.7371,6.2458,6.2571
2020,Multi-ply,507,789.9797,805.0,107.8413,477.0834,7.4278,7.4518
2020,Raw,24860,539.0964,542.5,90.0859,354.2336,6.067,6.0891
2020,Single-ply,29270,460.7887,453.59,86.2883,315.0551,5.5097,5.4213
2020,Unlimited,90,745.315,735.955,104.988,453.3781,7.1158,6.9408
2020,Wraps,7084,605.0918,607.5,97.888,381.2632,6.2558,6.2631
2021,Multi-ply,663,777.1939,780.0,106.144,473.2343,7.4492,7.4191
2021,Raw,46202,548.4173,550.0,90.2236,360.343,6.1742,6.2112
2021,Single-ply,23615,474.4639,460.4,87.5849,321.7841,5.5895,5.4687
2021,Straps,1,765.0,765.0,107.9,456.43,7.0899,7.0899
2021,Unlimited,125,807.3731,796.05,107.1001,487.274,7.592,7.2781
2021,Wraps,11267,607.0489,605.0,97.8559,382.7191,6.2911,6.2922
2022,Multi-ply,662,758.9815,756.25,104.5224,463.865,7.3525,7.3384
2022,Raw,68843,546.8949,547.5,89.4514,360.9261,6.2139,6.2291
2022,Single-ply,33279,475.1728,464.93,87.1743,323.2814,5.6289,5.5291
2022,Unlimited,170,846.2533,845.95,105.4233,517.3215,8.1824,8.1942
2022,Wraps,11122,600.3987,600.0,97.6678,379.0764,6.2369,6.2402
2023,Multi-ply,689,755.7922,755.0,104.2775,462.6398,7.3275,7.3456
2023,Raw,84442,548.1643,547.5,88.7652,363.1905,6.2744,6.2927
2023,Single-ply,4342,598.9711,597.5,90.1045,396.2789,6.7879,6.7326
2023,Unlimited,34918,464.8747,458.13,86.5833,318.4842,5.5696,5.4996
2023,Wraps,11253,592.9087,590.0,96.8873,375.6525,6.2028,6.2086
2024,Multi-ply,668,781.1803,777.5,107.9327,470.0623,7.3037,7.3302
2024,Raw,89946,550.2241,550.0,89.2289,363.8359,6.2712,6.3059
2024,Single-ply,4991,591.9506,582.5,89.4855,392.9395,6.7463,6.7086
2024,Unlimited,33943,474.6601,467.2,86.5213,325.1152,5.6869,5.5873
2024,Wraps,9520,596.568,591.94,96.9966,378.2021,6.2455,6.2344
2025,Multi-ply,548,764.213,777.91,103.9637,467.582,7.4352,7.5858
2025,Raw,87802,553.5713,555.0,89.5344,365.4399,6.2895,6.3303
2025,Single-ply,4883,594.6924,587.5,89.9217,394.0174,6.7558,6.6769
2025,Unlimited,32810,477.1254,469.47,87.0185,325.8186,5.6833,5.5799
2025,Wraps,8698,601.8853,600.0,97.5338,380.5589,6.2676,6.2728
2026,Multi-ply,230,782.7904,796.25,105.4499,476.171,7.5161,7.4338
2026,Raw,54496,533.3902,537.5,89.3515,352.979,6.0772,6.1257
2026,Single-ply,2698,588.512,585.13,89.6743,390.7466,6.697,6.6982
2026,Unlimited,28255,479.6281,474.0,86.3774,328.869,5.7543,5.6571
2026,Wraps,3923,592.0752,592.5,97.2907,374.0872,6.1653,6.1664
